,Call_OI,Put_OI,Call_IV,Put_IV,c_gamma,c_vega,c_theta,c_delta,p_delta,p_theta,p_vega,p_gamma,maxpain,ltp
2023-09-29 12:43:00,2610493,2662188,1234.38,1206.73,0.011255073,373.2849887,-639.2059804,16.47164292,22.27906877,-340.2490965,440.6102409,0.01204836,44600,44632.65
2023-09-29 12:44:00,2448250,2664230,1200.51,1231.37,0.011312944,370.2429516,-630.7375389,16.50955065,22.25062705,-350.1611463,443.4360346,0.011978427,44600,44633.05
2023-09-29 12:46:00,2602510,2669785,1234.38,1206.73,0.011311494,374.4343246,-651.8403907,17.47171392,22.29667038,-342.5292252,440.1954643,0.011979059,44600,44633.05
2023-09-29 12:47:00,2602503,2669785,1211.5,1231.37,0.011362301,370.7271104,-642.7789273,17.52610951,22.22067565,-351.5350802,444.5329623,0.011994981,44600,44632
2023-09-29 12:47:00,2602504,2669806,1234.38,1206.73,0.011309102,369.4873367,-642.4365788,17.54841012,22.22102389,-350.7903726,444.1356935,0.011989552,44600,44632
2023-09-29 12:49:00,2619937,2667005,0,0,0.011371152,370.2413344,-629.9455002,16.53947003,22.18219762,-360.3387833,447.0054642,0.011986372,44600,44633.8
2023-09-29 12:49:00,2619937,2667005,0,0,0.011371152,370.2413344,-629.9455002,16.53947003,22.18219762,-360.3387833,447.0054642,0.011986372,44600,44633.8
2023-09-29 12:50:00,2619937,2667005,0,0,0.011208127,366.8721532,-628.8289831,16.57100425,22.2301715,-341.7779328,441.53382,0.012018413,44600,44633.8
2023-09-29 12:51:00,2630729,2666931,1222.11,1227.76,0.011695565,416.4850279,-785.6116012,20.85795399,20.03047531,-257.2322486,385.560523,0.011335031,44600,44616.05
2023-09-29 12:52:00,2630730,2666930,1222.11,1227.76,0.011901616,439.6866162,-858.0962805,21.43711045,14.43706635,-283.9860259,357.301632,0.01069357,44600,44602.6
2023-09-29 12:53:00,2630730,2666930,1222.11,1227.76,0.011815432,443.1445715,-871.0398749,21.39889173,13.52131842,-285.9918852,350.5751504,0.010584003,44600,44602.6
2023-09-29 12:54:00,2632475,2685508,1222.11,1227.76,0.011686059,408.6105395,-766.1309758,20.9385281,18.86382129,-291.1808654,396.4041386,0.011518704,44600,44619.4
2023-09-29 12:55:00,2632475,2685508,1222.11,1227.76,0.011765264,406.4783396,-758.5286801,20.9588037,18.83403087,-299.2285746,399.018419,0.011456152,44600,44619.4
2023-09-29 12:58:00,2625963,2690932,1222.11,1227.76,0.011772427,408.7618181,-765.6032004,20.88587902,18.94454785,-282.6440458,392.0162875,0.011386306,44600,44615.5
2023-09-29 12:58:00,2625988,2690719,1129.53,1142.62,0.011335722,352.659576,-591.6654955,15.44963897,20.46922167,-331.2856508,432.1835873,0.011644071,44600,44615.5
2023-09-29 12:59:00,2625717,2690872,1222.11,1227.76,0.011831796,419.3504115,-819.8037822,21.38472464,15.68990003,-217.1651438,350.0316055,0.010883371,44600,44581.55
2023-09-29 13:01:00,2601459,2661595,1399.2,982.94,0.011701928,391.6347465,-729.0225772,20.86174277,22.04865746,-221.8647035,396.8359501,0.011651928,44600,44597.9
2023-09-29 13:02:00,2601459,2661595,1399.2,982.94,0.011569681,371.3780287,-668.3677437,19.09373256,22.76628077,-264.4138104,422.4238513,0.011825819,44600,44597.9
2023-09-29 13:03:00,2613634,2656485,1399.2,982.94,0.011700639,408.754522,-774.2002307,20.5949884,22.36008713,-170.4490907,375.9389528,0.011573031,44600,44589.8
2023-09-29 13:03:00,2613634,2656485,1399.2,982.94,0.01171749,414.4160275,-786.5813891,20.51460439,22.43865599,-157.3597139,368.1341745,0.011448415,44600,44589.8
2023-09-29 13:05:00,2613546,2655637,1399.2,982.94,0.01087983,337.0708987,-528.4510972,12.75980131,24.88058899,-362.3493867,471.2825544,0.012465851,44600,44629.65
2023-09-29 13:05:00,2613546,2655637,1399.2,982.94,0.010798761,326.7029686,-511.7203621,12.88856715,24.80171223,-380.1619687,476.1866062,0.0123432,44600,44629.65
2023-09-29 13:07:00,2627206,2647010,1399.2,982.94,0.011316207,371.9737377,-648.8725902,17.29761449,23.40440332,-292.1571404,435.4887729,0.012258956,44600,44617.85
2023-09-29 13:08:00,2627206,2647010,1399.2,982.94,0.011732448,388.4826269,-693.9976312,19.13462205,22.51971832,-284.1954384,422.7717921,0.011913509,44600,44617.85
2023-09-29 13:09:00,2633265,2638553,1399.2,982.94,0.011572765,374.04128,-666.2907913,19.31947289,23.35917733,-294.3516495,433.5485854,0.012079772,44600,44621.1
2023-09-29 13:09:00,2633220,2638553,1282.57,1214.8,0.011574353,377.22714,-672.4446768,19.26939595,23.39692796,-289.3792391,431.90842,0.01210263,44600,44621.05
2023-09-29 13:11:00,2633464,2638518,1282.57,1214.82,0.011502222,369.8808575,-649.0792508,18.32940935,23.47095337,-279.512503,426.8822677,0.011952652,44600,44619.25
2023-09-29 13:12:00,2633464,2638518,1282.57,1214.8,0.011529037,367.5236162,-643.5380194,18.3538945,23.45182839,-284.8037331,428.9076933,0.011947688,44600,44619.25
2023-09-29 13:14:00,2633712,2640675,1282.57,1214.82,0.011362871,370.3892095,-658.5530077,18.24877708,21.62148212,-277.8006472,415.9949136,0.011872256,44600,44613.95
2023-09-29 13:14:00,2633712,2640675,1282.57,1214.8,0.011542741,372.6281166,-668.5813493,19.22281797,21.60801354,-284.5769969,417.7063104,0.011793405,44600,44613.95
2023-09-29 13:15:00,2631365,2642109,1282.57,1214.82,0.011473875,371.1923768,-657.21013,18.22866793,21.59767688,-284.7399728,420.008082,0.011903695,44600,44613
2023-09-29 13:17:00,2631263,2641462,1282.57,1214.8,0.011283725,358.2584085,-635.8665476,18.34359608,21.58680127,-287.3802722,420.9180065,0.011883393,44600,44612.15
2023-09-29 13:19:00,2636540,2642595,152.98,165.61,0.01134276,359.6530613,-627.6847818,17.30013244,22.60287579,-278.5158433,423.4171871,0.011876275,44600,44608.25
2023-09-29 13:20:00,2639072,2639571,733.62,772.52,0.011156461,347.8685284,-584.7179544,15.44324468,22.44519648,-302.9578548,433.231576,0.011993441,44600,44611.95
2023-09-29 13:21:00,2643282,2641190,1287.13,1149.58,0.010630817,315.8359931,-492.9648692,11.75758927,22.22907029,-351.8327075,448.2788532,0.011827843,44600,44611.95
2023-09-29 13:24:00,2643304,2641297,1287.13,1149.58,0.011601623,375.9900574,-705.573694,21.01749803,20.89353421,-258.1134387,404.6014154,0.011676229,44600,44597.3
2023-09-29 13:27:00,2647496,2635308,1287.13,1149.58,0.011424585,365.1126708,-638.4212579,17.17180321,21.71441466,-274.3559991,416.2509995,0.011888611,44600,44605.5
2023-09-29 13:29:00,2647466,2635206,1287.13,1149.58,0.011583027,375.2950845,-691.24619,20.01653468,21.87955231,-249.0235837,406.0499894,0.011795323,44600,44601.35
2023-09-29 13:29:00,2648314,2640761,1287.13,1149.58,0.011557285,379.1135967,-699.953055,19.97017105,21.92790003,-237.4975703,401.4177569,0.011826094,44600,44601.35
2023-09-29 13:30:00,2647466,2635206,1287.13,1149.58,0.011583914,381.5475041,-704.5999614,19.94597107,21.90130139,-241.8489377,403.4775128,0.011840671,44600,44601.35
2023-09-29 13:31:00,2647281,2640984,1312.14,1149.67,0.011623004,387.8145689,-713.6726869,19.98749832,22.74276302,-246.6354497,409.8030607,0.01207299,44600,44609.45
2023-09-29 13:32:00,2649214,2630180,1312.14,1149.67,0.010998973,345.1903329,-578.4268124,15.59616951,25.06087484,-316.9290332,450.9565166,0.012483847,44600,44628.45
2023-09-29 13:32:00,2649202,2629890,1312.14,1149.66,0.011288486,364.1722885,-620.7572005,16.40699664,25.19930699,-289.2966708,438.8495849,0.012457406,44600,44628.45
2023-09-29 13:34:00,2649214,2630180,1309.23,1149.91,0.011501701,365.7003309,-629.1050283,17.40969624,22.29515688,-306.4375526,426.9136388,0.012115114,44600,44628.45
2023-09-29 13:36:00,2649223,2630460,1312.14,1149.67,0.01139322,370.1789462,-630.6944902,16.34689765,22.34478721,-296.2787463,423.4560856,0.012213101,44600,44628.6
2023-09-29 13:37:00,2665704,2622808,1309.23,1149.91,0.011318276,354.5889972,-587.7096381,15.57413683,25.01476492,-313.5815455,447.7394355,0.012466008,44600,44635.2
2023-09-29 13:37:00,2665704,2622808,1312.14,1149.67,0.011349281,362.5173361,-614.8384513,16.51740345,25.06171991,-306.3929778,444.5486697,0.012464028,44600,44635.2
2023-09-29 13:38:00,2670899,2626039,1312.14,1149.66,0.01147904,361.701367,-610.0370262,16.48092523,23.18047767,-317.5594884,437.2941048,0.012221815,44600,44630.85
2023-09-29 13:40:00,2670882,2623958,1212.58,1220.87,0.01133318,344.383035,-567.7691453,15.69207175,24.06519551,-319.6966196,443.2896934,0.012220159,44600,44633.3
2023-09-29 13:41:00,2671296,2624270,1212.36,1220.91,0.011539622,362.7503953,-647.8209673,19.41261133,22.3936349,-291.7621576,420.8074049,0.011943446,44600,44625
2023-09-29 13:41:00,2671296,2624270,1198.57,1258.46,0.011475532,356.5491172,-637.2454962,19.47984186,22.35734665,-296.3523155,422.6881177,0.011951372,44600,44625
2023-09-29 13:44:00,2679639,2620424,1212.36,1220.91,0.011500326,368.8548982,-660.690446,18.12938711,21.73898977,-248.5790973,406.4891268,0.011924812,44600,44603.7
2023-09-29 13:44:00,2679639,2620424,1212.36,1220.91,0.011500326,368.8548982,-660.690446,18.12938711,21.73898977,-248.5790973,406.4891268,0.011924812,44600,44603.7
2023-09-29 13:45:00,2667124,2611380,1212.36,1220.91,0.011277833,352.140179,-615.5523307,17.36889002,22.40608048,-284.8156689,428.5108316,0.012271296,44600,44613.65
2023-09-29 13:46:00,2667124,2611380,1212.36,1220.91,0.011167741,336.8661152,-578.4564601,16.56564445,22.30163493,-309.8862928,436.6153603,0.012151295,44600,44613.65
2023-09-29 13:47:00,2667157,2611387,1212.58,1220.87,0.011303921,351.5120608,-613.9368341,17.35939979,22.4437604,-279.0646777,425.9335678,0.012214223,44600,44612.25
2023-09-29 13:48:00,2667157,2611387,1212.36,1220.91,0.011741713,425.5817211,-837.5579146,21.31488089,16.75601897,-167.8077566,322.5878415,0.010689447,44600,44590.5
2023-09-29 13:49:00,2669657,2613996,1094.56,1290.9,0.011085587,336.5747509,-546.6028606,14.69417656,24.81491621,-342.0155341,459.7722693,0.01262231,44600,44636.4
2023-09-29 13:50:00,2669658,2613996,1198.57,1258.46,0.011482504,374.8916973,-639.9690125,16.29349001,25.00762063,-306.1521585,443.3008277,0.01267458,44600,44637.6
2023-09-29 13:51:00,2660061,2610878,1094.56,1290.9,0.011377506,355.7230878,-599.1961832,16.59434913,24.74157469,-356.0508824,458.4972637,0.01269833,44600,44647
2023-09-29 13:52:00,2660061,2610878,1094.56,1290.9,0.011557434,355.5068156,-605.3168152,17.64454576,24.62539525,-374.7759882,466.4188696,0.012669676,44600,44647
2023-09-29 13:53:00,2659834,2610878,1094.56,1290.9,0.011020092,322.2662655,-509.4816863,14.04643965,24.32941025,-429.9778971,484.1605844,0.012694449,44600,44654.55
2023-09-29 13:55:00,2657633,2609292,1094.56,1290.9,0.010856892,317.0558819,-480.9575936,12.14796816,24.18950999,-452.8994776,490.4212977,0.012758884,44600,44659.35
2023-09-29 13:56:00,2653000,2604883,1094.56,1290.9,0.010816797,315.8586666,-479.6667649,12.13420927,24.21810507,-448.8963007,488.8712781,0.012757421,44600,44659.35
2023-09-29 13:56:00,2651840,2613970,1094.56,1290.9,0.010852531,320.9347568,-487.9756277,12.07427238,24.20513319,-448.731258,489.5522743,0.012814258,44600,44659
2023-09-29 13:57:00,2651840,2613970,1094.56,1290.9,0.010965332,323.482833,-501.2243521,13.05288586,24.29777518,-429.2731047,483.2617225,0.012775427,44600,44659
2023-09-29 13:59:00,2651688,2613901,1094.56,1290.9,0.010915525,316.606315,-489.2044791,13.22727814,24.21854697,-434.9755246,480.2389401,0.012665011,44600,44670.6
2023-09-29 14:02:00,2596407,2619462,1100.04,1331.13,0.010536993,294.8843884,-403.9526324,8.829286466,24.40393358,-557.0259381,511.0596615,0.012841416,44600,44715.75
2023-09-29 14:04:00,2596407,2619462,1100.04,1331.13,0.010244415,276.3207376,-356.2650353,7.046598694,24.22732015,-604.953104,525.063709,0.012676513,44600,44715.75
2023-09-29 14:04:00,2595781,2619467,1099.98,1331.13,0.010724126,292.338051,-453.0638459,13.67863637,24.91145216,-466.1699127,488.1099715,0.012535046,44600,44691.25
2023-09-29 14:07:00,2580467,2631458,1100.05,1331.13,0.010996198,321.5566201,-511.0856984,14.27909399,25.33748946,-375.7241089,459.6393318,0.012468416,44600,44682.25
2023-09-29 14:07:00,2580467,2631458,1099.98,1331.13,0.010999984,316.4608771,-499.6392302,14.3427645,25.35512357,-375.9468005,459.1776281,0.012411252,44600,44682.25
2023-09-29 14:10:00,2582160,2640195,437.62,356.21,0.011582371,368.0486425,-634.4824038,17.66611263,24.00123956,-291.1491779,413.621065,0.012148281,44600,44672.75
2023-09-29 14:11:00,2582200,2640111,1153.2,1226.56,0.010849647,317.8378626,-471.3101523,11.35848559,25.14865305,-412.5795497,472.4691044,0.012797529,44600,44691.4
2023-09-29 14:12:00,2582202,2640111,1193.92,1189.47,0.011156455,334.0824083,-517.3337381,13.18498662,25.25536383,-391.8908492,463.3644604,0.012765515,44600,44691.4
2023-09-29 14:13:00,2571420,2654122,1193.92,1189.47,0.010698011,302.845649,-425.5592936,9.649650436,24.67563138,-501.0424889,497.2832142,0.012852404,44600,44705.95
2023-09-29 14:14:00,2572365,2654718,1193.92,1189.47,0.01042948,284.0165507,-376.3434692,7.870705248,24.5666649,-528.629308,504.891717,0.01264835,44600,44705.95
2023-09-29 14:17:00,2572838,2650933,1193.92,1189.47,0.01084482,318.6302296,-485.7060492,12.35701753,25.18484946,-400.1480813,466.2178906,0.012676651,44600,44690.45
2023-09-29 14:17:00,2572824,2650924,1193.92,1189.47,0.010379752,280.6650289,-372.7652943,7.962053368,25.26465589,-641.3194307,520.3395771,0.012638394,44600,44713
2023-09-29 14:17:00,2572824,2650924,1193.92,1189.47,0.010379752,280.6650289,-372.7652943,7.962053368,25.26465589,-641.3194307,520.3395771,0.012638394,44600,44713
2023-09-29 14:18:00,2576808,2656220,0,0,0.010361236,284.3870477,-379.4270815,7.944208801,25.1669644,-654.3290742,522.7546925,0.012749781,44600,44717.9
2023-09-29 14:20:00,2576808,2656220,0,0,0.010357227,280.8480509,-374.1024287,8.001035706,25.13159223,-663.4191033,525.1539859,0.012716323,44600,44717.9
2023-09-29 14:21:00,2569779,2659590,1011.12,1510.72,0.010360896,281.7377759,-375.8370178,8.017237014,25.06462202,-675.7130979,527.8495623,0.01275366,44600,44720.7
2023-09-29 14:22:00,2569391,2659584,1011.12,1510.72,0.010442656,281.0899582,-372.9980338,8.083601332,24.89704274,-703.490089,532.9434921,0.012843642,44600,44729.05
2023-09-29 14:24:00,2569391,2659584,1011.12,1510.72,0.010267244,269.7883721,-346.9502019,7.211787047,24.83989438,-720.7748012,536.9350715,0.012675783,44600,44729.05
2023-09-29 14:25:00,2554156,2666193,1011.12,1510.72,0.010456242,285.7036411,-390.1149819,8.819335481,25.47268741,-591.2590987,507.5624802,0.012715623,44600,44705.9
2023-09-29 14:25:00,2554156,2666193,1011.12,1510.72,0.010456242,285.7036411,-390.1149819,8.819335481,25.47268741,-591.2590987,507.5624802,0.012715623,44600,44705.9
2023-09-29 14:26:00,2554156,2666193,1011.12,1510.72,0.010488104,286.9684126,-391.1529961,8.778520132,25.53451119,-572.0949312,503.8326215,0.012751918,44600,44705.9
2023-09-29 14:27:00,2554152,2666193,1011.12,1510.72,0.010418025,280.7645469,-370.6632723,7.882007764,25.37331007,-606.1687634,512.259931,0.012744041,44600,44711.45
2023-09-29 14:28:00,2554152,2666193,1011.12,1510.72,0.010589658,294.1670151,-401.5850518,8.748508074,25.49501637,-577.7140176,503.5725431,0.012862463,44600,44711.45
2023-09-29 14:29:00,2550411,2678849,982.42,1548.9,0.010441337,280.2536369,-371.0849726,8.044610429,25.06779987,-649.5942315,518.5732861,0.012805585,44600,44726.5
2023-09-29 14:29:00,2550413,2678849,1011.12,1510.72,0.010436592,279.6938333,-370.3518307,8.055516182,25.04253433,-654.3492178,519.8157837,0.012807264,44600,44727.05
2023-09-29 14:31:00,2540798,2691744,982.42,1548.9,0.010119782,262.6391023,-327.1981778,6.374653584,24.55155212,-756.7750525,542.5245733,0.012685705,44600,44741.6
2023-09-29 14:32:00,2540798,2691744,982.42,1548.9,0.01026591,267.9578392,-344.7985049,7.320233616,24.60371354,-742.5532276,539.1377077,0.012729927,44600,44741.6
2023-09-29 14:34:00,2520796,2704866,973.5,1553,0.010279746,267.6819419,-344.1873934,7.316990896,24.60274813,-741.7896117,539.1650433,0.012734621,44600,44740.75
2023-09-29 14:35:00,2520797,2704864,975.62,1546.4,0.010149061,261.3515518,-325.0444094,6.41287909,24.48855535,-769.3446976,544.6579498,0.012671292,44600,44745.45
2023-09-29 14:36:00,2520797,2704864,975.62,1546.4,0.010158342,259.3716308,-321.6954927,6.424193638,24.4978463,-770.1576854,545.0569843,0.012653897,44600,44745.45
2023-09-29 14:36:00,2520797,2704864,982.42,1548.9,0.010158342,259.3716308,-321.6954927,6.424193638,24.4978463,-770.1576854,545.0569843,0.012653897,44600,44745.45
2023-09-29 14:38:00,2516959,2711634,975.62,1546.4,0.010280009,264.5608552,-337.8442758,7.219215827,24.7864577,-703.8879239,531.5937882,0.012715194,44600,44730.9
2023-09-29 14:38:00,2516959,2711634,982.42,1548.9,0.010280668,264.9106928,-338.3421971,7.213253636,24.78493175,-702.928685,531.272203,0.012716818,44600,44730.9
2023-09-29 14:39:00,2503634,2709284,975.62,1546.4,0.0102901,264.1739956,-337.1490634,7.229948356,24.78469776,-703.1120733,530.7120438,0.012717717,44700,44732.4
2023-09-29 14:40:00,2503668,2709455,958.39,1561.54,0.010088032,259.6175359,-321.475478,6.257751709,24.79009593,-705.226521,531.35693,0.012688501,44700,44732
2023-09-29 14:42:00,2503668,2709449,958.33,1563.77,0.010083274,259.486065,-333.1121509,7.246926972,24.78117052,-704.1041081,530.9461159,0.012714732,44700,44732
2023-09-29 14:43:00,2497795,2702445,958.33,1563.77,0.01012737,255.7308813,-314.3215196,6.278834952,24.67121003,-723.0281426,534.6778551,0.012637485,44700,44733.3
2023-09-29 14:43:00,2497795,2702445,956.54,1568.85,0.010177426,254.5335977,-311.6514757,6.294034769,24.66930787,-724.004801,534.7768244,0.012618715,44700,44733.3
2023-09-29 14:45:00,2474391,2688033,958.33,1563.77,0.010161539,256.3740628,-324.1650051,7.043450356,25.25420055,-609.7697155,509.8169508,0.012588952,44700,44711.7
2023-09-29 14:46:00,2474391,2688033,958.33,1563.77,0.010187502,263.6348756,-335.026967,6.961361489,25.41048645,-562.664291,501.598495,0.01266414,44700,44711.7
2023-09-29 14:48:00,2474236,2688030,958.33,1563.77,0.010207239,256.0152455,-323.0106723,7.07533482,25.22232611,-601.9916617,510.3718237,0.012572544,44700,44717
2023-09-29 14:48:00,2471024,2687887,958.33,1563.77,0.010096421,251.4176522,-305.5754496,6.098407108,25.15639652,-619.5761232,515.4562382,0.012548076,44700,44717
2023-09-29 14:48:00,2474236,2688030,956.54,1568.85,0.010096421,251.4176522,-305.5754496,6.098407108,25.15639652,-619.5761232,515.4562382,0.012548076,44700,44717
2023-09-29 14:50:00,2466641,2684832,956.54,1568.85,0.010395571,272.8780399,-365.9656184,8.567557269,25.94348152,-450.455276,472.1872435,0.012572631,44700,44688.05
2023-09-29 14:51:00,2466643,2684828,980.51,1440.73,0.010167508,263.3610872,-332.2294674,6.726966203,25.76082213,-487.7578177,482.1594932,0.012534817,44700,44693.45
2023-09-29 14:52:00,2466643,2684828,982.95,1459.58,0.010214943,260.6415844,-326.7740617,6.743808174,25.6941284,-501.4554281,488.6754177,0.012574053,44700,44693.45
2023-09-29 14:53:00,2438399,2647625,976.56,1475.48,0.010272573,260.8139523,-326.9992895,6.775207984,25.63456074,-516.9908077,493.5767063,0.012607531,44700,44693.4
2023-09-29 14:54:00,2438399,2647625,982.95,1459.58,0.010134092,250.1110761,-302.009069,5.900207385,25.50459671,-549.4851288,501.6130637,0.012467826,44700,44693.4
2023-09-29 14:54:00,2438054,2643898,976.56,1475.48,0.010149772,249.2386273,-300.3168083,5.900161016,25.5005524,-551.7033334,502.1636492,0.012455813,44700,44693.4
2023-09-29 14:56:00,2444435,2628160,980.51,1440.73,0.010808096,295.7741631,-433.0006155,11.16987515,24.45690462,-385.350547,447.1705039,0.012526426,44700,44670.4
2023-09-29 14:57:00,2433876,2588655,980.51,1440.73,0.010542606,277.5429053,-372.1956061,8.555467689,25.89236752,-467.3223444,479.4487731,0.012771058,44600,44689.85
2023-09-29 14:58:00,2433876,2588655,980.51,1440.73,0.010573437,282.1962634,-379.2526501,8.50764923,25.91465749,-466.4185406,480.0430589,0.012755029,44600,44689.85
2023-09-29 14:59:00,2434004,2588626,980.51,1440.73,0.010271985,259.250678,-326.399577,6.873748921,25.38223818,-584.9374974,510.8494172,0.012578208,44600,44700.3
2023-09-29 15:00:00,2434004,2588626,982.95,1459.58,0.010272077,259.234433,-326.4597087,6.873515725,25.38265524,-585.0283168,510.7757571,0.01257823,44600,44700.3
2023-09-29 15:01:00,2429466,2540430,984.47,1483.6,0.01159406,330.9741553,-567.6504406,16.66826605,21.05737456,-363.7689121,417.4375387,0.01168937,44600,44645.3
2023-09-29 15:02:00,2430548,2522167,984.47,1483.6,0.011143434,308.5495348,-506.2197293,13.91455959,21.66327878,-431.915978,445.3775853,0.011721081,44600,44645.3
2023-09-29 15:03:00,2426342,2454383,984.47,1483.6,0.011990653,369.2317685,-711.650852,19.83363603,17.82605531,-304.6931179,381.970305,0.01136265,44600,44603.8
2023-09-29 15:05:00,2426381,2453395,984.47,1483.6,0.011807773,368.3476729,-678.8515684,17.77016201,17.90154018,-285.4216924,375.6741278,0.011585586,44600,44602.4
2023-09-29 15:06:00,2426381,2453395,984.47,1483.6,0.011775467,361.4828923,-654.3576967,16.83045729,17.81604601,-298.8859681,383.317425,0.011664081,44600,44602.4
2023-09-29 15:07:00,2421042,2394743,984.47,1483.6,0.01168248,352.2699807,-648.3455795,16.81872941,17.76396492,-320.1144027,393.4969812,0.011605072,44600,44593.45
2023-09-29 15:07:00,2421042,2394743,984.47,1483.6,0.01168248,352.2699807,-648.3455795,16.81872941,17.76396492,-320.1144027,393.4969812,0.011605072,44600,44593.45
2023-09-29 15:09:00,2417354,2392826,984.47,1483.6,0.010992436,317.2197354,-535.4416887,12.16430404,20.34848574,-377.6114296,429.2869253,0.011928381,44600,44593.45
2023-09-29 15:09:00,2419511,2346904,984.47,1483.6,0.011479689,352.4404729,-678.2473516,17.63513001,20.03472043,-293.0176846,400.8334692,0.011804041,44600,44569.3
2023-09-29 15:10:00,2420076,2346615,1284.59,1133.87,0.011771577,376.4804757,-746.3029426,19.30518569,19.3598596,-247.0022656,378.081672,0.011623578,44600,44560.85
2023-09-29 15:12:00,2420076,2346615,1284.59,1133.87,0.012087221,400.6845461,-810.8154581,20.99324444,18.60902837,-203.5715408,350.5078105,0.01143787,44600,44560.85
2023-09-29 15:13:00,2407390,2275662,1284.59,1133.87,0.011237617,341.10153,-616.7709234,14.79542426,21.65008119,-308.4353995,416.733133,0.012182222,44600,44580.6
2023-09-29 15:14:00,2407390,2275662,1284.59,1133.87,0.011251229,336.2466009,-608.6326493,14.86677838,22.58612234,-326.6199144,427.992352,0.01214881,44600,44580.6
2023-09-29 15:15:00,2407366,2275381,1284.59,1133.87,0.011885782,398.5500692,-804.5524159,20.80990103,16.99106397,-178.6016037,321.7024611,0.010892316,44600,44551.9
2023-09-29 15:16:00,2407366,2275381,1284.59,1133.87,0.011901579,399.080125,-805.2435081,20.83405296,17.02010656,-170.0457682,316.6748298,0.010814496,44600,44551.9
2023-09-29 15:16:00,2407366,2275381,1284.59,1133.87,0.011901579,399.080125,-805.2435081,20.83405296,17.02010656,-170.0457682,316.6748298,0.010814496,44600,44551.9
2023-09-29 15:17:00,2406885,2235167,1284.59,1133.87,0.011912934,432.1480229,-898.5985043,20.32651202,7.508787657,-237.1624473,277.2610374,0.00996317,44600,44540.7
2023-09-29 15:19:00,2346111,2185007,1284.59,1133.87,0.01176341,404.2486555,-798.5970333,19.92129843,13.90772492,-211.8248101,303.6933092,0.010511425,44600,44572.6
2023-09-29 15:20:00,2296553,2104750,1263.11,1197.51,0.011915148,380.9040761,-726.5409282,19.28180797,19.45556509,-203.7542515,347.8394222,0.011425487,44600,44576.35
2023-09-29 15:21:00,2296553,2104750,1263.11,1197.51,0.011878496,382.3943421,-731.0848744,19.24503214,19.55739452,-190.1003787,341.0703675,0.011286091,44600,44576.35
2023-09-29 15:22:00,2296465,2104751,1263.11,1197.51,0.011648664,359.2460775,-655.327186,17.58529085,22.01483029,-234.0591761,380.1049983,0.01196812,44600,44590.9
2023-09-29 15:23:00,2296465,2104751,1263.11,1197.51,0.011717068,363.770033,-701.9188724,18.56081304,21.97212514,-242.4836811,384.0795378,0.011982744,44600,44590.9
2023-09-29 15:24:00,2296465,2104751,1318.82,1133.51,0.011722296,360.9112854,-695.7632664,18.59310733,21.9420128,-246.3701579,386.1676552,0.012024799,44600,44590.9
2023-09-29 15:25:00,2265486,2070447,1263.11,1197.51,0.011967005,422.4684968,-901.8269784,21.50228861,10.2761929,-223.6610333,288.6228841,0.010177596,44600,44557.15
2023-09-29 15:26:00,2265486,2070447,1263.11,1197.51,0.011968723,423.6734658,-904.6075574,21.50227143,10.266354,-226.2605482,290.4561143,0.010228664,44600,44557.15
2023-09-29 15:28:00,2221412,2005077,1263.11,1197.51,0.011972971,388.5746796,-790.0412304,21.10317007,17.64670671,-215.6432347,339.2111422,0.011150109,44600,44575.25
2023-09-29 15:29:00,2221075,2004655,1263.11,1197.51,0.011924941,382.2683913,-764.6922221,21.20716045,18.61025936,-190.2709955,333.1632174,0.011359864,44600,44580.2
2023-09-29 15:30:00,2221075,2004655,1263.11,1197.51,0.011956378,382.9675526,-766.1325027,21.1595339,17.64401533,-193.357704,325.9517004,0.011182368,44600,44580.2
2023-09-29 15:30:00,2221075,2004655,1263.11,1197.51,0.011956378,382.9675526,-766.1325027,21.1595339,17.64401533,-193.357704,325.9517004,0.011182368,44600,44580.2
2023-09-29 15:30:00,2221075,2004655,1405.53,1099.18,0.011540329,340.081393,-615.613215,16.7761425,22.84644354,-236.6631818,387.2761686,0.012277418,44600,44596.3
2023-09-29 15:30:00,2221075,2004655,1250.56,1232.94,0.011540329,340.081393,-615.613215,16.7761425,22.84644354,-236.6631818,387.2761686,0.012277418,44600,44596.3
2023-09-29 15:30:00,2221075,2004655,1405.94,1099.18,0.011540329,340.081393,-615.613215,16.7761425,22.84644354,-236.6631818,387.2761686,0.012277418,44600,44596.3
2023-09-29 15:30:00,2221075,2004655,1250.56,1232.94,0.011540329,340.081393,-615.613215,16.7761425,22.84644354,-236.6631818,387.2761686,0.012277418,44600,44596.3
2023-09-29 15:30:00,2221075,2004655,1250.56,1232.94,0.011540329,340.081393,-615.613215,16.7761425,22.84644354,-236.6631818,387.2761686,0.012277418,44600,44596.3
2023-09-29 15:30:00,2221075,2004655,1250.56,1232.94,0.011540329,340.081393,-615.613215,16.7761425,22.84644354,-236.6631818,387.2761686,0.012277418,44600,44596.3
2023-09-29 15:30:00,2221075,2004655,1250.56,1232.94,0.011540329,340.081393,-615.613215,16.7761425,22.84644354,-236.6631818,387.2761686,0.012277418,44600,44596.3
2023-09-29 15:30:00,2221075,2004655,1250.56,1232.94,0.011900842,372.8301194,-740.6842141,21.31935428,20.44824839,-182.9561649,341.1615638,0.011481271,44600,44584.55
2023-09-29 15:30:00,2221075,2004655,1405.53,1099.18,0.011900842,372.8301194,-740.6842141,21.31935428,20.44824839,-182.9561649,341.1615638,0.011481271,44600,44584.55
2023-09-29 15:30:00,2221075,2004655,1250.56,1232.94,0.011900842,372.8301194,-740.6842141,21.31935428,20.44824839,-182.9561649,341.1615638,0.011481271,44600,44584.55
2023-09-29 15:30:00,2221075,2004655,1250.56,1232.94,0.011900842,372.8301194,-740.6842141,21.31935428,20.44824839,-182.9561649,341.1615638,0.011481271,44600,44584.55
2023-09-29 15:30:00,2221075,2004655,1250.56,1232.94,0.011900842,372.8301194,-740.6842141,21.31935428,20.44824839,-182.9561649,341.1615638,0.011481271,44600,44584.55
2023-09-29 15:30:00,2221075,2004655,1250.56,1232.94,0.011900842,372.8301194,-740.6842141,21.31935428,20.44824839,-182.9561649,341.1615638,0.011481271,44600,44584.55
2023-09-29 15:30:00,2221075,2004655,1250.56,1232.94,0.011900842,372.8301194,-740.6842141,21.31935428,20.44824839,-182.9561649,341.1615638,0.011481271,44600,44584.55
2023-09-29 15:30:00,2221075,2004655,1405.94,1099.18,0.011900842,372.8301194,-740.6842141,21.31935428,20.44824839,-182.9561649,341.1615638,0.011481271,44600,44584.55
2023-09-29 15:30:00,2221075,2004655,1405.53,1099.18,0.011900842,372.8301194,-740.6842141,21.31935428,20.44824839,-182.9561649,341.1615638,0.011481271,44600,44584.55
2023-09-29 15:30:00,2221075,2004655,1405.53,1099.18,0.011900842,372.8301194,-740.6842141,21.31935428,20.44824839,-182.9561649,341.1615638,0.011481271,44600,44584.55
