,Call_OI,Put_OI,c_gamma,c_vega,c_theta,c_delta,Call_IV,Put_IV,p_delta,p_theta,p_vega,p_gamma,maxpain
2023-09-27 19:17:37.176209,4375277.33,3541961.0,0.0107,95.2155,-1232.4318,44.8856,2827.99,4135.76,-49.1144,-89.1886,95.2155,0.0107,44600.0
2023-09-27 19:18:37.799023,4375277.33,3541961.0,0.0114,106.4471,-1327.6713,44.6704,3228.35,4009.54,-49.3296,-184.4282,106.4471,0.0114,44600.0
2023-09-27 19:19:36.548817,4375277.33,3541961.0,0.0107,95.2059,-1232.3891,44.8854,2827.94,4135.73,-49.1146,-89.146,95.2059,0.0107,44600.0
2023-09-27 19:20:36.738806,4375277.33,3541961.0,0.0107,95.2059,-1232.3891,44.8854,2827.94,4135.73,-49.1146,-89.146,95.2059,0.0107,44600.0
2023-09-27 19:21:49.112602,4375277.33,3541961.0,0.0107,95.2059,-1232.3891,44.8854,2827.94,4135.73,-49.1146,-89.146,95.2059,0.0107,44600.0
2023-09-27 19:22:52.221554,4375277.33,3541961.0,0.0114,106.4471,-1327.6713,44.6704,3228.35,4009.54,-49.3296,-184.4282,106.4471,0.0114,44600.0
2023-09-27 19:23:29.637935,4375277.33,3541961.0,0.0107,95.2059,-1232.3891,44.8854,2827.94,4135.73,-49.1146,-89.146,95.2059,0.0107,44600.0
2023-09-27 19:23:29.822825,4375277.33,3541961.0,0.0107,95.2059,-1232.3891,44.8854,2827.94,4135.73,-49.1146,-89.146,95.2059,0.0107,44600.0
2023-09-27 19:23:31.020172,4375277.33,3541961.0,0.0107,95.2059,-1232.3891,44.8854,2827.94,4135.73,-49.1146,-89.146,95.2059,0.0107,44600.0
2023-09-27 19:24:32.315697,4375277.33,3541961.0,0.0107,95.2059,-1232.3891,44.8854,2827.94,4135.73,-49.1146,-89.146,95.2059,0.0107,44600.0
2023-09-27 19:24:47.581041,4375277.33,3541961.0,0.0107,95.2059,-1232.3891,44.8854,2827.94,4135.73,-49.1146,-89.146,95.2059,0.0107,44600.0
2023-09-27 19:24:58.923889,4375277.33,3541961.0,0.0107,95.2155,-1232.4318,44.8856,2827.99,4135.76,-49.1144,-89.1886,95.2155,0.0107,44600.0
2023-09-27 19:25:29.968676,4375277.33,3541961.0,0.0107,95.2059,-1232.3891,44.8854,2827.94,4135.73,-49.1146,-89.146,95.2059,0.0107,44600.0
2023-09-27 19:26:23.817716,4375277.33,3541961.0,0.0107,95.2155,-1232.4318,44.8856,2827.99,4135.76,-49.1144,-89.1886,95.2155,0.0107,44600.0
2023-09-27 19:26:34.829059,4375277.33,3541961.0,0.0107,95.2155,-1232.4318,44.8856,2827.99,4135.76,-49.1144,-89.1886,95.2155,0.0107,44600.0
2023-09-27 19:27:39.317926,4375277.33,3541961.0,0.0107,95.2059,-1232.3891,44.8854,2827.94,4135.73,-49.1146,-89.146,95.2059,0.0107,44600.0
2023-09-27 19:28:37.462110,4375277.33,3541961.0,0.0107,95.2059,-1232.3891,44.8854,2827.94,4135.73,-49.1146,-89.146,95.2059,0.0107,44600.0
2023-09-27 19:29:39.740644,4375277.33,3541961.0,0.0107,95.2155,-1232.4318,44.8856,2827.99,4135.76,-49.1144,-89.1886,95.2155,0.0107,44600.0
2023-09-27 19:30:39.459763,4375277.33,3541961.0,0.0107,95.2155,-1232.4318,44.8856,2827.99,4135.76,-49.1144,-89.1886,95.2155,0.0107,44600.0
2023-09-27 19:31:39.566685,4375277.33,3541961.0,0.0107,95.2155,-1232.4318,44.8856,2827.99,4135.76,-49.1144,-89.1886,95.2155,0.0107,44600.0
2023-09-27 19:32:38.766772,4375277.33,3541961.0,0.0107,95.2155,-1232.4318,44.8856,2827.99,4135.76,-49.1144,-89.1886,95.2155,0.0107,44600.0
2023-09-27 19:33:38.189395,4375277.33,3541961.0,0.0107,95.2059,-1232.3891,44.8854,2827.94,4135.73,-49.1146,-89.146,95.2059,0.0107,44600.0
2023-09-27 19:35:00.018072,4375277.33,3541961.0,0.0107,95.2155,-1232.4318,44.8856,2827.99,4135.76,-49.1144,-89.1886,95.2155,0.0107,44600.0
2023-09-27 19:36:11.012484,4375277.33,3541961.0,0.0107,95.2155,-1232.4318,44.8856,2827.99,4135.76,-49.1144,-89.1886,95.2155,0.0107,44600.0
2023-09-27 19:36:39.508649,4375277.33,3541961.0,0.0107,95.2155,-1232.4318,44.8856,2827.99,4135.76,-49.1144,-89.1886,95.2155,0.0107,44600.0
2023-09-27 19:37:38.588238,4375277.33,3541961.0,0.0107,95.2155,-1232.4318,44.8856,2827.99,4135.76,-49.1144,-89.1886,95.2155,0.0107,44600.0
2023-09-27 19:38:44.166983,4375277.33,3541961.0,0.0107,95.2155,-1232.4318,44.8856,2827.99,4135.76,-49.1144,-89.1886,95.2155,0.0107,44600.0
2023-09-27 19:40:03.016990,4375277.33,3541961.0,0.0107,95.2059,-1232.3891,44.8854,2827.94,4135.73,-49.1146,-89.146,95.2059,0.0107,44600.0
2023-09-27 19:41:02.894271,4375277.33,3541961.0,0.0107,95.2155,-1232.4318,44.8856,2827.99,4135.76,-49.1144,-89.1886,95.2155,0.0107,44600.0
2023-09-27 19:41:14.943541,4375277.33,3541961.0,0.0107,95.2155,-1232.4318,44.8856,2827.99,4135.76,-49.1144,-89.1886,95.2155,0.0107,44600.0
2023-09-27 19:41:16.283971,4375277.33,3541961.0,0.0107,95.2155,-1232.4318,44.8856,2827.99,4135.76,-49.1144,-89.1886,95.2155,0.0107,44600.0
2023-09-27 19:41:45.706441,4375277.33,3541961.0,0.0107,95.2155,-1232.4318,44.8856,2827.99,4135.76,-49.1144,-89.1886,95.2155,0.0107,44600.0
2023-09-27 19:42:05.689748,4375277.33,3541961.0,0.0107,95.2155,-1232.4318,44.8856,2827.99,4135.76,-49.1144,-89.1886,95.2155,0.0107,44600.0
2023-09-27 19:43:17.078142,4375277.33,3541961.0,0.0107,95.2059,-1232.3891,44.8854,2827.94,4135.73,-49.1146,-89.146,95.2059,0.0107,44600.0
2023-09-27 19:43:56.783532,4375277.33,3541961.0,0.0107,95.2059,-1232.3891,44.8854,2827.94,4135.73,-49.1146,-89.146,95.2059,0.0107,44600.0
2023-09-27 19:44:55.995964,4375277.33,3541961.0,0.0107,95.2155,-1232.4318,44.8856,2827.99,4135.76,-49.1144,-89.1886,95.2155,0.0107,44600.0
2023-09-27 19:45:52.387779,4375277.33,3541961.0,0.0107,95.2155,-1232.4318,44.8856,2827.99,4135.76,-49.1144,-89.1886,95.2155,0.0107,44600.0
2023-09-27 19:46:44.442205,4375277.33,3541961.0,0.0107,95.2155,-1232.4318,44.8856,2827.99,4135.76,-49.1144,-89.1886,95.2155,0.0107,44600.0
2023-09-27 19:47:23.715339,4375277.33,3541961.0,0.0107,95.2059,-1232.3891,44.8854,2827.94,4135.73,-49.1146,-89.146,95.2059,0.0107,44600.0
2023-09-27 19:47:44.664707,4375277.33,3541961.0,0.0107,95.2155,-1232.4318,44.8856,2827.99,4135.76,-49.1144,-89.1886,95.2155,0.0107,44600.0
2023-09-27 19:48:32.655125,4375277.33,3541961.0,0.0107,95.2155,-1232.4318,44.8856,2827.99,4135.76,-49.1144,-89.1886,95.2155,0.0107,44600.0
2023-09-27 19:49:11.628425,4375277.33,3541961.0,0.0107,95.2059,-1232.3891,44.8854,2827.94,4135.73,-49.1146,-89.146,95.2059,0.0107,44600.0
2023-09-27 19:50:53.557517,4375277.33,3541961.0,0.0107,95.2059,-1232.3891,44.8854,2827.94,4135.73,-49.1146,-89.146,95.2059,0.0107,44600.0
2023-09-27 19:51:02.202376,4375277.33,3541961.0,0.0107,95.2059,-1232.3891,44.8854,2827.94,4135.73,-49.1146,-89.146,95.2059,0.0107,44600.0
2023-09-27 19:52:02.209262,4375277.33,3541961.0,0.0114,106.4471,-1327.6713,44.6704,3228.35,4009.54,-49.3296,-184.4282,106.4471,0.0114,44600.0
2023-09-27 19:52:54.365330,4375277.33,3541961.0,0.0107,95.2059,-1232.3891,44.8854,2827.94,4135.73,-49.1146,-89.146,95.2059,0.0107,44600.0
2023-09-27 19:53:40.081837,4375277.33,3541961.0,0.0107,95.2059,-1232.3891,44.8854,2827.94,4135.73,-49.1146,-89.146,95.2059,0.0107,44600.0
2023-09-27 19:54:39.860588,4375277.33,3541961.0,0.0107,95.2059,-1232.3891,44.8854,2827.94,4135.73,-49.1146,-89.146,95.2059,0.0107,44600.0
2023-09-27 19:54:48.954664,4375277.33,3541961.0,0.0107,95.2059,-1232.3891,44.8854,2827.94,4135.73,-49.1146,-89.146,95.2059,0.0107,44600.0
2023-09-27 19:55:51.650216,4375277.33,3541961.0,0.0107,95.2059,-1232.3891,44.8854,2827.94,4135.73,-49.1146,-89.146,95.2059,0.0107,44600.0
2023-09-27 19:57:10.636080,4375277.33,3541961.0,0.0107,95.2059,-1232.3891,44.8854,2827.94,4135.73,-49.1146,-89.146,95.2059,0.0107,44600.0
2023-09-27 19:57:52.252357,4375277.33,3541961.0,0.0107,95.2059,-1232.3891,44.8854,2827.94,4135.73,-49.1146,-89.146,95.2059,0.0107,44600.0
2023-09-27 19:58:07.152831,4375277.33,3541961.0,0.0114,106.4471,-1327.6713,44.6704,3228.35,4009.54,-49.3296,-184.4282,106.4471,0.0114,44600.0
2023-09-27 19:59:09.933772,4375277.33,3541961.0,0.0107,95.2155,-1232.4318,44.8856,2827.99,4135.76,-49.1144,-89.1886,95.2155,0.0107,44600.0
2023-09-27 20:00:07.317969,4375277.33,3541961.0,0.0107,95.2155,-1232.4318,44.8856,2827.99,4135.76,-49.1144,-89.1886,95.2155,0.0107,44600.0
2023-09-27 20:01:11.237863,4375277.33,3541961.0,0.0107,95.2155,-1232.4318,44.8856,2827.99,4135.76,-49.1144,-89.1886,95.2155,0.0107,44600.0
2023-09-27 20:02:08.404887,4375277.33,3541961.0,0.0107,95.2155,-1232.4318,44.8856,2827.99,4135.76,-49.1144,-89.1886,95.2155,0.0107,44600.0
2023-09-27 20:03:08.831672,4375277.33,3541961.0,0.0107,95.2155,-1232.4318,44.8856,2827.99,4135.76,-49.1144,-89.1886,95.2155,0.0107,44600.0
2023-09-27 20:04:10.426633,4375277.33,3541961.0,0.0107,95.2155,-1232.4318,44.8856,2827.99,4135.76,-49.1144,-89.1886,95.2155,0.0107,44600.0
2023-09-27 20:05:09.933634,4375277.33,3541961.0,0.0107,95.2155,-1232.4318,44.8856,2827.99,4135.76,-49.1144,-89.1886,95.2155,0.0107,44600.0
2023-09-27 20:06:08.099150,4375277.33,3541961.0,0.0107,95.2059,-1232.3891,44.8854,2827.94,4135.73,-49.1146,-89.146,95.2059,0.0107,44600.0
2023-09-28 11:24:05.138479,7225811.0,4942533.33,0.0103,7.0912,-104.1784,43.2218,2919.65,3572.02,-50.7782,89.6936,7.0912,0.0102,44500.0
2023-09-28 11:25:07.049743,7225104.0,4940925.33,0.01,7.1016,-105.9059,43.3201,2919.65,3572.02,-50.6799,86.3723,7.1016,0.01,44500.0
2023-09-28 11:26:08.052564,7225104.0,4940925.33,0.01,7.1016,-105.9059,43.3201,2919.65,3572.02,-50.6799,86.3723,7.1016,0.01,44500.0
2023-09-28 11:27:09.834061,7242608.0,4930530.33,0.01,7.0684,-105.4408,43.3196,2919.65,3572.02,-50.6804,86.0405,7.0684,0.01,44500.0
2023-09-28 11:28:11.996953,7244827.0,4844044.33,0.0097,7.1752,-110.6308,43.4757,2919.65,3572.02,-50.5243,79.2567,7.1752,0.0097,44500.0
2023-09-28 11:28:45.654053,7244827.0,4844044.33,0.0097,7.1752,-110.6308,43.4757,2919.65,3572.02,-50.5243,79.2567,7.1752,0.0097,44500.0
2023-09-28 11:30:02.866084,7244830.0,4843991.33,0.0097,7.1789,-111.8248,43.5235,2919.65,3572.02,-50.4765,76.4689,7.1789,0.0097,44500.0
2023-09-28 11:30:41.448428,7244830.0,4843991.33,0.0097,7.1789,-111.8248,43.5235,2919.65,3572.02,-50.4765,76.4689,7.1789,0.0097,44500.0
2023-09-28 11:31:05.253768,7244830.0,4843991.33,0.0097,7.1789,-111.8248,43.5235,2919.65,3572.02,-50.4765,76.4689,7.1789,0.0097,44500.0
2023-09-28 11:31:45.774374,7212179.0,4843724.33,0.0098,7.0236,-107.5067,43.4346,2919.65,3572.02,-50.5654,79.9901,7.0236,0.0098,44500.0
2023-09-28 11:32:43.605751,7205040.0,4818785.33,0.0098,6.8335,-104.4575,43.3972,2477.14,4238.17,-50.6028,81.472,6.8335,0.0098,44500.0
2023-09-28 11:33:43.805596,7205040.0,4818785.33,0.0098,6.8335,-104.4575,43.3972,2477.14,4238.17,-50.6028,81.472,6.8335,0.0098,44500.0
2023-09-28 11:33:58.894966,7205040.0,4818785.33,0.0098,6.8335,-104.4575,43.3972,2477.14,4238.17,-50.6028,81.472,6.8335,0.0098,44500.0
2023-09-28 11:34:10.716073,7205040.0,4818785.33,0.01,6.7593,-101.7851,43.323,2477.14,4238.17,-50.677,84.1445,6.7593,0.01,44500.0
2023-09-28 11:34:16.459360,7205040.0,4818785.33,0.01,6.7593,-101.7851,43.323,2477.14,4238.17,-50.677,84.1445,6.7593,0.01,44500.0
2023-09-28 11:34:28.549199,7205040.0,4818785.33,0.0098,6.7995,-103.9775,43.3966,2477.14,4238.17,-50.6034,81.1286,6.7995,0.0098,44500.0
2023-09-28 11:34:33.996348,7205040.0,4818785.33,0.0098,6.7995,-103.9775,43.3966,2477.14,4238.17,-50.6034,81.1286,6.7995,0.0098,44500.0
2023-09-28 11:34:55.029163,7205040.0,4818785.33,0.0098,6.7995,-103.9775,43.3966,2477.14,4238.17,-50.6034,81.1286,6.7995,0.0098,44500.0
2023-09-28 11:35:05.543748,7205040.0,4818785.33,0.0098,6.7995,-103.9775,43.3966,2477.14,4238.17,-50.6034,81.1286,6.7995,0.0098,44500.0
2023-09-28 11:35:11.634998,7205040.0,4818785.33,0.0098,6.7995,-103.9775,43.3966,2477.14,4238.17,-50.6034,81.1286,6.7995,0.0098,44500.0
2023-09-28 11:36:14.557792,7222858.0,4812475.33,0.0103,6.6112,-97.8154,43.2057,2477.14,4238.17,-50.7943,86.4938,6.6112,0.0103,44500.0
2023-09-28 11:36:25.636502,7222858.0,4812475.33,0.0103,6.6112,-97.8154,43.2057,2477.14,4238.17,-50.7943,86.4938,6.6112,0.0103,44500.0
2023-09-28 11:37:14.904957,7222221.0,4811956.33,0.0104,6.5222,-96.0662,43.1567,2477.14,4238.17,-50.8433,86.6492,6.5222,0.0104,44500.0
2023-09-28 11:38:16.197705,7222221.0,4811956.33,0.0104,6.4911,-95.6219,43.1563,2477.14,4238.17,-50.8437,86.3098,6.4911,0.0104,44500.0
2023-09-28 11:39:17.630907,7222221.0,4811956.33,0.0104,6.4911,-95.6219,43.1563,2477.14,4238.17,-50.8437,86.3098,6.4911,0.0104,44500.0
2023-09-28 11:40:17.918197,7236392.0,4753050.33,0.01,6.5249,-98.3771,43.3139,2477.14,4238.17,-50.6861,81.9476,6.5249,0.01,44500.0
2023-09-28 11:41:17.542973,7236379.0,4752983.33,0.01,6.5249,-98.3771,43.3139,2477.14,4238.17,-50.6861,81.9476,6.5249,0.01,44500.0
2023-09-28 11:42:18.355816,7234006.0,4738238.33,0.01,6.4384,-96.6392,43.2854,2477.14,4238.17,-50.7146,82.0917,6.4384,0.01,44500.0
2023-09-28 11:42:53.581051,7233896.0,4737770.33,0.01,8.2027,-114.0488,43.4068,2485.65,4054.15,-50.5932,63.8719,8.2027,0.01,44500.0
2023-09-28 11:43:24.787320,7233896.0,4737770.33,0.01,8.2027,-114.0488,43.4068,2485.65,4054.15,-50.5932,63.8719,8.2027,0.01,44500.0
2023-09-28 11:44:25.053727,7233896.0,4737770.33,0.01,8.1649,-113.5267,43.4063,2485.65,4054.15,-50.5937,63.6104,8.1649,0.01,44500.0
2023-09-28 11:44:58.063637,7262671.0,4739073.33,0.01,8.1168,-112.7092,43.3978,2485.65,4054.15,-50.6022,63.631,8.1168,0.01,44500.0
2023-09-28 11:45:06.335248,7233896.0,4737770.33,0.01,8.1649,-113.5267,43.4063,2485.65,4054.15,-50.5937,63.6104,8.1649,0.01,44500.0
2023-09-28 11:46:08.770300,7262671.0,4739073.33,0.01,8.097,-112.4354,43.3976,2485.65,4054.15,-50.6024,63.493,8.097,0.01,44500.0
2023-09-28 11:47:05.710925,7289817.0,4757134.33,0.01,7.954,-109.2897,43.3276,2485.65,4054.15,-50.6724,65.4434,7.954,0.01,44500.0
2023-09-28 11:47:37.948789,7262671.0,4739069.33,0.01,8.0587,-111.9057,43.3971,2485.65,4054.15,-50.6029,63.2259,8.0587,0.01,44500.0
2023-09-28 11:48:09.105758,7262671.0,4739062.33,0.01,7.9358,-109.0356,43.3273,2485.65,4054.15,-50.6727,65.3123,7.9358,0.01,44500.0
2023-09-28 11:48:20.105072,7262671.0,4739062.33,0.01,7.9358,-109.0356,43.3273,2485.65,4054.15,-50.6727,65.3123,7.9358,0.01,44500.0
2023-09-28 11:49:08.686717,7262671.0,4739062.33,0.01,7.9358,-109.0356,43.3273,2485.65,4054.15,-50.6727,65.3123,7.9358,0.01,44500.0
2023-09-28 11:50:00.778245,7289042.0,4755317.33,0.01,8.1206,-115.5337,43.5484,2485.65,4054.15,-50.4516,57.2071,8.1206,0.01,44500.0
2023-09-28 11:51:00.738557,7186076.0,4708910.33,0.0099,8.3489,-116.2529,43.8003,2485.65,4054.15,-50.1997,55.2925,8.3489,0.0099,44500.0
2023-09-28 11:52:00.490149,7186076.0,4708910.33,0.0099,8.3286,-115.9782,43.8,2485.65,4054.15,-50.2,55.1688,8.3286,0.0099,44500.0
2023-09-28 11:52:23.155894,7186076.0,4708910.33,0.0099,8.3286,-115.9782,43.8,2485.65,4054.15,-50.2,55.1688,8.3286,0.0099,44500.0
2023-09-28 11:52:37.766517,4172404.67,3360197.33,0.0093,6.6427,-104.907,43.7621,2286.47,4463.87,-50.2379,65.4829,6.6427,0.0093,44700.0
2023-09-28 11:53:59.969747,4172404.67,3360197.33,0.0093,6.5981,-104.1888,43.761,2286.47,4463.87,-50.239,65.0058,6.5981,0.0093,44700.0
2023-09-28 11:54:38.080307,4172404.67,3360197.33,0.0093,6.5981,-104.1888,43.761,2286.55,4463.87,-50.239,65.0058,6.5981,0.0093,44700.0
2023-09-28 11:54:51.852746,4172404.67,3360197.33,0.0093,6.5981,-104.1888,43.761,2286.55,4463.87,-50.239,65.0058,6.5981,0.0093,44700.0
2023-09-28 11:55:04.424785,4172404.67,3360197.33,0.0093,6.5981,-104.1888,43.761,2286.55,4463.87,-50.239,65.0058,6.5981,0.0093,44700.0
2023-09-28 11:56:06.731237,7168427.67,4132293.33,0.0096,6.9499,-101.8803,43.9211,2286.47,4463.87,-50.0789,66.5174,6.9499,0.0096,44500.0
2023-09-28 11:56:29.578031,7224028.0,4734624.33,0.009,6.1576,-101.8576,43.6237,2286.55,4463.87,-50.3763,64.9463,6.1576,0.0091,44500.0
2023-09-28 11:57:30.049814,7224028.0,4734624.33,0.009,6.1576,-101.8576,43.6237,2286.55,4463.87,-50.3763,64.9463,6.1576,0.0091,44500.0
2023-09-28 11:58:31.237652,7224028.0,4734624.33,0.009,6.1284,-101.3904,43.6229,2286.55,4463.87,-50.3771,64.6166,6.1284,0.0091,44500.0
2023-09-28 11:59:26.899065,7157032.0,4715454.33,0.0093,5.5353,-89.0246,43.342,2286.55,4463.87,-50.658,76.1855,5.5353,0.0093,44500.0
2023-09-28 12:00:26.597877,7157032.0,4715454.33,0.0093,5.5052,-88.5801,43.3413,2286.55,4463.87,-50.6587,75.8331,5.5052,0.0093,44500.0
2023-09-28 12:01:27.172800,7157032.0,4715454.33,0.0093,5.5052,-88.5801,43.3413,2286.47,4463.87,-50.6587,75.8331,5.5052,0.0093,44500.0
2023-09-28 12:02:27.310722,7159544.0,4731694.33,0.009,5.569,-91.4521,43.4302,2306.88,4335.22,-50.5698,71.3806,5.569,0.009,44500.0
2023-09-28 12:03:27.819234,7189813.0,4761507.33,0.0098,6.0453,-92.6154,43.3947,2442.95,4252.22,-50.6053,69.8188,6.0453,0.0098,44500.0
2023-09-28 12:04:05.048926,7189813.0,4761507.33,0.0097,6.0132,-92.1479,43.3941,2442.95,4252.22,-50.6059,69.4761,6.0132,0.0097,44500.0
2023-09-28 12:05:46.382404,7190492.67,4745015.33,0.0098,5.9029,-89.4025,43.3431,2442.95,4252.22,-50.6569,70.6277,5.9029,0.0098,44500.0
2023-09-28 12:06:47.554995,7190492.67,4745015.33,0.0098,5.8714,-88.9458,43.3426,2442.95,4252.22,-50.6574,70.2875,5.8714,0.0098,44500.0
2023-09-28 12:07:27.991765,7204574.67,4745485.33,0.0096,5.9711,-93.2691,43.4655,2442.95,4252.22,-50.5345,65.1673,5.9711,0.0096,44500.0
2023-09-28 12:08:05.594968,7204574.67,4745485.33,0.0096,5.9711,-93.2691,43.4655,2442.95,4252.22,-50.5345,65.1673,5.9711,0.0096,44500.0
2023-09-28 12:09:14.260639,7204471.67,4758251.33,0.0096,5.9875,-94.2657,43.5015,2442.95,4252.22,-50.4985,63.3738,5.9875,0.0096,44500.0
2023-09-28 12:10:08.929945,7204432.67,4768130.33,0.0096,5.9403,-93.5668,43.5006,2442.95,4252.22,-50.4994,62.8773,5.9403,0.0096,44500.0
2023-09-28 12:11:10.512751,7204432.67,4768130.33,0.0096,5.9089,-93.101,43.4999,2442.95,4252.22,-50.5001,62.5462,5.9089,0.0096,44500.0
2023-09-28 12:12:12.409898,7206304.67,4761437.33,0.0,0.0,-65.7634,43.0,0.0,0.0,-51.0,89.0869,0.0,-0.0,44500.0
2023-09-28 12:13:14.259350,7220381.67,4770158.33,0.0098,6.1171,-90.643,43.3597,2351.79,4333.01,-50.6403,63.4104,6.1171,0.0098,44500.0
2023-09-28 12:14:16.650056,7220381.67,4770158.33,0.0098,6.084,-90.161,43.3592,2351.79,4333.01,-50.6408,63.0822,6.084,0.0098,44500.0
2023-09-28 12:15:18.308596,7208959.67,4762453.33,0.0099,6.3762,-92.1086,43.3542,2349.04,4138.35,-50.6458,61.5463,6.3762,0.0099,44500.0
2023-09-28 12:16:20.277189,7221873.67,4773196.33,0.0098,6.3704,-93.7571,43.4277,2349.04,4138.35,-50.5723,58.304,6.3704,0.0099,44500.0
2023-09-28 12:16:53.856212,7221873.67,4773196.33,0.0098,6.3704,-93.7571,43.4277,2349.04,4138.35,-50.5723,58.304,6.3704,0.0099,44500.0
2023-09-28 12:17:54.954274,7249966.67,4796137.33,0.0097,5.9777,-89.8745,43.4082,2351.79,4333.01,-50.5918,59.7959,5.9777,0.0097,44500.0
2023-09-28 12:18:24.653147,7249966.67,4796137.33,0.0097,5.9777,-89.8745,43.4082,2351.79,4333.01,-50.5918,59.7959,5.9777,0.0097,44500.0
2023-09-28 12:19:29.497341,7249961.67,4796171.33,0.0097,6.0456,-92.9598,43.5014,2351.79,4333.01,-50.4986,56.3122,6.0456,0.0097,44500.0
2023-09-28 12:22:34.075778,7249961.67,4796171.33,0.0098,6.2631,-93.7538,43.4975,2349.04,4138.35,-50.5025,54.3228,6.2631,0.0098,44500.0
2023-09-28 12:22:34.091399,7264488.67,4806379.33,0.0,0.4673,-62.7175,43.0,233.22,421.22,-51.0,84.9607,0.4673,0.0,44500.0
2023-09-28 12:26:36.812356,7304116.67,4819332.33,0.0091,4.6746,-78.0531,43.3689,2204.52,4765.95,-50.6311,65.4678,4.6746,0.0091,44500
2023-09-28 12:27:10.889063,7304116.67,4819332.33,0.0091,4.6746,-78.0531,43.3689,2204.52,4765.95,-50.6311,65.4678,4.6746,0.0091,44500
2023-09-28 12:28:05.095231,7341584.67,4819137.33,0.009,4.7033,-78.9424,43.4003,2204.52,4765.95,-50.5997,63.7816,4.7033,0.009,44500
2023-09-28 12:28:12.582692,7341584.67,4819137.33,0.009,4.7033,-78.9424,43.4003,2204.52,4765.95,-50.5997,63.7816,4.7033,0.009,44500
2023-09-28 12:29:05.413403,7342592.67,4815253.33,0.0103,5.0238,-73.5591,43.0981,2200.64,4748.08,-50.9019,67.5711,5.0238,0.0103,44500
2023-09-28 12:29:13.343778,7342592.67,4815253.33,0.0103,5.0238,-73.5591,43.0981,2200.64,4748.08,-50.9019,67.5711,5.0238,0.0103,44500
2023-09-28 12:30:07.109447,7342592.67,4815253.33,0.0103,4.994,-73.1172,43.0977,2200.64,4748.08,-50.9023,67.2161,4.994,0.0103,44500
2023-09-28 12:30:12.491317,7342592.67,4815253.33,0.0103,4.994,-73.1172,43.0977,2200.64,4748.08,-50.9023,67.2161,4.994,0.0103,44500
2023-09-28 12:31:12.733301,7342592.67,4815253.33,0.0103,5.0238,-73.5591,43.0981,2200.64,4747.99,-50.9019,67.5711,5.0238,0.0103,44500
2023-09-28 12:32:13.509931,7322483.67,4854604.33,0.0107,4.9558,-72.6809,42.9279,2200.64,4747.99,-51.0721,67.2539,4.9558,0.0107,44500
2023-09-28 12:32:40.151902,7321334.67,4853265.33,0.0103,4.9121,-71.833,42.9969,2551.25,4455.97,-51.0031,66.508,4.9121,0.0103,44500
2023-09-28 12:33:14.799913,7321334.67,4853265.33,0.0103,5.0435,-73.0089,42.9941,2573.2,4368.93,-51.0059,65.7306,5.0435,0.0103,44500
2023-09-28 12:33:42.163054,7321334.67,4853265.33,0.0103,4.9856,-72.1196,42.9933,2573.2,4368.93,-51.0067,65.0261,4.9856,0.0103,44500
2023-09-28 12:34:17.033428,7321334.67,4853265.33,0.0103,4.9856,-72.1196,42.9933,2573.2,4368.93,-51.0067,65.0261,4.9856,0.0103,44500
2023-09-28 12:34:43.885856,7321334.67,4853265.33,0.0103,4.8833,-71.3936,42.9965,2551.25,4455.97,-51.0035,66.1505,4.8833,0.0103,44500
2023-09-28 12:35:19.066181,7375855.67,4893203.33,0.0099,4.9404,-74.1715,43.2709,2551.25,4455.97,-50.7291,61.7788,4.9404,0.0099,44500
2023-09-28 12:35:46.178136,7375855.67,4893203.33,0.0099,4.9404,-74.1715,43.2709,2551.25,4455.97,-50.7291,61.7788,4.9404,0.0099,44500
2023-09-28 12:36:21.001627,7375855.67,4893203.33,0.0099,5.061,-74.7925,43.2678,2573.2,4368.93,-50.7322,60.7594,5.061,0.0099,44500
2023-09-28 12:36:47.854809,7375855.67,4893203.33,0.0099,5.061,-74.7925,43.2678,2573.2,4368.93,-50.7322,60.7594,5.061,0.0099,44500
2023-09-28 12:37:22.224410,7418739.67,4912822.33,0.0102,4.9157,-70.8335,43.0321,2573.2,4368.93,-50.9679,63.9215,4.9157,0.0102,44500
2023-09-28 12:37:50.176614,7418739.67,4912822.33,0.0102,4.9157,-70.8335,43.0321,2573.2,4368.93,-50.9679,63.9215,4.9157,0.0102,44500
2023-09-28 12:38:23.317698,7418739.67,4912822.33,0.0103,4.7795,-69.6957,43.0352,2551.25,4455.97,-50.9648,64.6608,4.7795,0.0103,44500
2023-09-28 12:38:52.460467,7418534.67,4912587.33,0.0105,4.6723,-71.0016,42.8171,2551.25,4455.97,-51.1829,62.9564,4.6723,0.0105,44500
2023-09-28 12:39:25.474718,7418534.67,4912587.33,0.0105,4.6723,-71.0016,42.8171,2551.25,4455.97,-51.1829,62.9564,4.6723,0.0105,44500
2023-09-28 12:39:53.974697,7418534.67,4912587.33,0.0105,4.6335,-70.3536,42.8164,2551.25,4455.97,-51.1836,62.4091,4.6335,0.0105,44500
2023-09-28 12:40:26.888478,7418534.67,4912587.33,0.0104,4.7048,-71.0874,42.8149,2573.2,4368.93,-51.1851,61.2768,4.7048,0.0104,44500
2023-09-28 12:40:56.412675,7418534.67,4912587.33,0.0105,4.6335,-70.3536,42.8164,2551.25,4455.97,-51.1836,62.4091,4.6335,0.0105,44500
2023-09-28 12:41:28.968731,7434006.67,4917957.33,0.0,0.0847,-55.8821,42.9999,651.97,1238.52,-51.0001,75.6852,0.0847,-0.0,44500
2023-09-28 12:41:58.401406,7434006.67,4917957.33,0.0,0.0847,-55.8821,42.9999,651.97,1238.52,-51.0001,75.6852,0.0847,-0.0,44500
2023-09-28 12:42:30.908902,7434006.67,4917957.33,0.0,0.0836,-55.5433,42.9999,651.97,1206.68,-51.0001,75.2271,0.0836,0.0,44500
2023-09-28 12:43:00.326881,7434006.67,4917957.33,0.0,0.0836,-55.5433,42.9999,651.97,1206.68,-51.0001,75.2271,0.0836,0.0,44500
2023-09-28 12:43:35.700801,7433894.67,4917947.33,0.0106,4.4498,-68.2185,42.8028,2778.23,4401.72,-51.1972,61.3566,4.4498,0.0106,44500
2023-09-28 12:44:01.992546,7433894.67,4917947.33,0.0106,4.437,-68.0041,42.8026,2778.23,4401.72,-51.1974,61.1724,4.437,0.0106,44500
2023-09-28 12:44:35.182572,7462474.67,4915194.33,0.0106,4.3934,-69.2384,42.7415,2778.23,4401.72,-51.2585,59.9381,4.3934,0.0106,44500
2023-09-28 12:45:04.145975,7462474.67,4915194.33,0.0106,4.3934,-69.2384,42.7415,2778.23,4401.72,-51.2585,59.9381,4.3934,0.0106,44500
2023-09-28 12:45:36.995606,7481095.67,4895032.33,0.0106,4.3691,-68.8123,42.7411,2778.23,4401.72,-51.2589,59.5674,4.3691,0.0106,44500
2023-09-28 12:46:06.024007,7481095.67,4895032.33,0.0106,4.3448,-68.3862,42.7406,2778.23,4399.82,-51.2594,59.1965,4.3448,0.0106,44500
2023-09-28 12:46:39.144571,7481095.67,4895032.33,0.0106,4.3448,-68.3862,42.7406,2778.23,4399.82,-51.2594,59.1965,4.3448,0.0106,44500
2023-09-28 12:47:07.868622,7489880.67,4928442.33,0.0106,4.3326,-68.1732,42.7404,2778.23,4401.72,-51.2596,59.0111,4.3326,0.0106,44500
2023-09-28 12:47:40.977356,7447541.67,4914607.33,0.0101,4.4061,-65.2014,43.0827,2778.23,4399.82,-50.9173,61.5844,4.4061,0.0101,44500
2023-09-28 12:48:10.064948,7447541.67,4914607.33,0.0101,4.3913,-64.9826,43.0826,2778.23,4401.72,-50.9174,61.4048,4.3913,0.0101,44500
2023-09-28 12:48:42.782477,7447541.67,4914607.33,0.0101,4.3765,-64.7638,43.0824,2778.23,4399.82,-50.9176,61.2251,4.3765,0.0101,44500
2023-09-28 12:49:11.597040,7447541.67,4914607.33,0.0101,4.3765,-64.7638,43.0824,2778.23,4399.82,-50.9176,61.2251,4.3765,0.0101,44500
2023-09-28 12:50:14.089358,7462672.67,4905192.33,0.0098,4.4138,-67.3621,43.2585,2778.23,4401.72,-50.7415,57.8299,4.4138,0.0098,44500
2023-09-28 12:50:47.002640,7462672.67,4905192.33,0.0098,4.4138,-67.3621,43.2585,2778.23,4401.72,-50.7415,57.8299,4.4138,0.0098,44500
2023-09-28 12:51:15.948170,7462672.67,4905192.33,0.0098,4.3686,-66.6955,43.2578,2778.23,4401.72,-50.7422,57.3011,4.3686,0.0097,44500
2023-09-28 12:51:49.167548,7461710.67,4906375.33,0.0099,4.2849,-63.9509,43.1448,2778.23,4401.72,-50.8552,59.2488,4.2849,0.0099,44500
2023-09-28 12:52:18.045946,7461710.67,4906375.33,0.0099,4.2849,-63.9509,43.1448,2778.23,4401.72,-50.8552,59.2488,4.2849,0.0099,44500
2023-09-28 12:52:51.528318,7501024.67,4922475.33,0.009,3.7435,-64.6256,43.3262,2332.52,4610.63,-50.6738,57.8038,3.7435,0.009,44500
2023-09-28 12:53:20.092246,7501024.67,4922475.33,0.0089,3.6598,-64.0904,43.3257,2341.77,4584.16,-50.6743,57.9804,3.6598,0.0089,44500
2023-09-28 12:53:52.957515,7501024.67,4922475.33,0.009,3.7208,-64.2508,43.3256,2332.52,4610.63,-50.6744,57.4746,3.7208,0.009,44500
2023-09-28 12:54:22.070755,7501024.67,4922475.33,0.0089,3.6373,-63.7108,43.3251,2341.77,4584.16,-50.6749,57.6428,3.6373,0.0089,44500
2023-09-28 12:54:55.079901,7501024.67,4922475.33,0.009,3.7208,-64.2508,43.3256,2332.52,4610.63,-50.6744,57.4746,3.7208,0.009,44500
2023-09-28 12:55:23.937162,7501710.67,4922301.33,0.009,3.6483,-62.9729,43.3057,2332.52,4610.63,-50.6943,57.5837,3.6483,0.009,44500
2023-09-28 12:55:56.841528,7501710.67,4922301.33,0.009,3.6483,-62.9729,43.3057,2332.52,4610.63,-50.6943,57.5837,3.6483,0.009,44500
2023-09-28 12:56:25.920559,7501710.67,4922301.33,0.009,3.6225,-62.5502,43.3051,2332.52,4610.63,-50.6949,57.2095,3.6225,0.009,44500
2023-09-28 12:56:59.129470,7506042.67,4916078.33,0.0089,3.4945,-61.2906,43.2892,2341.77,4584.16,-50.7108,57.6722,3.4945,0.0089,44500
2023-09-28 12:57:27.753578,7506042.67,4916078.33,0.0089,3.4945,-61.2906,43.2892,2341.77,4584.16,-50.7108,57.6722,3.4945,0.0089,44500
2023-09-28 12:58:00.921238,7506042.67,4916078.33,0.0089,3.4692,-60.8717,43.2885,2341.77,4584.16,-50.7115,57.2942,3.4692,0.0089,44500
2023-09-28 12:58:30.375072,7506042.67,4916078.33,0.009,3.5699,-61.6258,43.2891,2332.52,4610.63,-50.7109,57.337,3.5699,0.009,44500
2023-09-28 12:59:03.205502,7503771.67,4918484.33,0.0099,3.3862,-56.3757,43.0474,2332.52,4610.63,-50.9526,60.98,3.3862,0.0099,44500
2023-09-28 12:59:32.323745,7503771.67,4918484.33,0.0098,3.2909,-56.0041,43.0506,2341.77,4584.16,-50.9494,61.3516,3.2909,0.0098,44500
2023-09-28 13:00:05.241334,7503771.67,4918484.33,0.0098,3.2909,-56.0041,43.0506,2341.77,4584.16,-50.9494,61.3516,3.2909,0.0098,44500
2023-09-28 13:00:33.812967,7503771.67,4918484.33,0.0098,3.2637,-55.5982,43.0503,2341.77,4584.16,-50.9497,60.9605,3.2637,0.0098,44500
2023-09-28 13:01:36.501049,7503771.67,4918484.33,0.0099,3.3588,-55.9669,43.0472,2332.52,4610.63,-50.9528,60.5919,3.3588,0.0099,44500
2023-09-28 13:02:09.151963,7503879.67,4918109.33,0.0,0.594,-49.1686,43.0,488.81,1168.09,-51.0,66.6066,0.594,-0.0,44500
2023-09-28 13:02:38.131096,7486830.67,4935258.33,0.0095,3.9292,-67.7755,43.5104,2332.52,4610.63,-50.4896,47.6011,3.9292,0.0095,44500
2023-09-28 13:03:11.231859,7486826.67,4934790.33,0.0078,2.9287,-58.0622,43.3106,2205.33,4952.93,-50.6894,56.5176,2.9287,0.0078,44500
2023-09-28 13:03:46.458915,7486826.67,4934790.33,0.0078,2.9006,-57.4447,43.3091,2205.33,4952.93,-50.6909,55.9264,2.9006,0.0078,44500
2023-09-28 13:04:13.281951,7486826.67,4934790.33,0.0078,2.9006,-57.4447,43.3091,2205.33,4952.93,-50.6909,55.9264,2.9006,0.0078,44500
2023-09-28 13:04:42.080534,7486826.67,4934790.33,0.0078,2.9006,-57.4447,43.3091,2205.33,4952.93,-50.6909,55.9264,2.9006,0.0078,44500
2023-09-28 13:05:15.101651,7514297.67,4920318.33,0.0077,2.8266,-56.4867,43.2986,2205.33,4952.93,-50.7014,55.689,2.8266,0.0077,44500
2023-09-28 13:05:43.963195,7514297.67,4920318.33,0.0077,2.8266,-56.4867,43.2986,2205.33,4952.93,-50.7014,55.689,2.8266,0.0077,44500
2023-09-28 13:06:17.212520,7514297.67,4920318.33,0.0077,2.8085,-56.0876,43.2976,2205.33,4952.93,-50.7024,55.3045,2.8085,0.0077,44500
2023-09-28 13:06:46.003289,7514297.67,4920318.33,0.0077,2.8174,-56.2838,43.2981,2205.33,4952.93,-50.7019,55.4935,2.8174,0.0077,44500
2023-09-28 13:07:18.981037,7514297.67,4920318.33,0.0077,2.8085,-56.0876,43.2976,2205.33,4952.93,-50.7024,55.3045,2.8085,0.0077,44500
2023-09-28 13:07:47.933249,7514458.67,4920171.33,0.0092,3.3885,-61.3923,43.4331,2205.33,4952.93,-50.5669,49.5881,3.3885,0.0092,44500
2023-09-28 13:08:22.006108,7514458.67,4920171.33,0.0092,3.3885,-61.3923,43.4331,2205.33,4952.93,-50.5669,49.5881,3.3885,0.0092,44500
2023-09-28 13:08:50.840102,7522199.67,4915937.33,0.0089,3.232,-59.3704,43.3969,2205.33,4952.93,-50.6031,50.4279,3.232,0.0089,44500
2023-09-28 13:09:22.737501,7522022.67,4915891.33,0.0089,3.232,-59.3704,43.3969,2205.33,4952.93,-50.6031,50.4279,3.232,0.0089,44500
2023-09-28 13:09:52.304996,7529642.67,4912603.33,0.0085,3.0461,-57.286,43.3555,2205.33,4952.93,-50.6445,51.7021,3.0461,0.0085,44500
2023-09-28 13:10:24.963627,7529642.67,4912603.33,0.0085,3.0461,-57.286,43.3555,2205.33,4952.93,-50.6445,51.7021,3.0461,0.0085,44500
2023-09-28 13:10:54.108949,7529631.67,4912597.33,0.0089,3.2028,-58.7361,43.3955,2205.33,4952.93,-50.6045,49.8536,3.2028,0.0089,44500
2023-09-28 13:11:27.186785,7540353.67,4892022.33,0.005,1.7172,-49.3711,43.1444,1896.34,3815.02,-50.8556,58.8334,1.7172,0.005,44500
2023-09-28 13:11:57.213027,7540386.67,4892035.33,0.0067,2.377,-52.0114,43.2307,2205.33,4952.93,-50.7693,55.7813,2.377,0.0067,44500
2023-09-28 13:12:29.220255,7540421.67,4892035.33,0.0067,2.3589,-51.6149,43.2296,2304.92,4834.25,-50.7704,55.3809,2.3589,0.0067,44500
2023-09-28 13:12:57.933692,7540353.67,4892022.33,0.005,1.6855,-48.6119,43.1423,1896.34,3815.02,-50.8577,57.9988,1.6855,0.005,44500
2023-09-28 13:13:31.322353,7540352.67,4892021.33,0.0096,2.3054,-47.8519,42.9893,2340.53,4791.46,-51.0107,57.9618,2.3054,0.0096,44500
2023-09-28 13:14:00.701890,7540352.67,4892021.33,0.0096,2.3054,-47.8519,42.9893,2340.53,4791.46,-51.0107,57.9618,2.3054,0.0096,44500
2023-09-28 13:14:33.044554,7540352.67,4892021.33,0.0096,2.3054,-47.8519,42.9893,2340.53,4791.46,-51.0107,57.9618,2.3054,0.0096,44500
2023-09-28 13:15:02.162649,7500650.67,4869121.33,0.0129,2.7049,-48.3654,42.8404,2340.53,4791.46,-51.1596,56.2529,2.7049,0.0129,44500
2023-09-28 13:15:34.976764,7500650.67,4869121.33,0.0129,2.7049,-48.3654,42.8404,2340.53,4791.46,-51.1596,56.2529,2.7049,0.0129,44500
2023-09-28 13:16:03.837106,7500650.67,4869121.33,0.0124,3.048,-49.954,42.8135,2371.7,4664.52,-51.1865,54.2658,3.048,0.0124,44500
2023-09-28 13:16:37.327018,7500650.67,4869121.33,0.0129,2.6818,-47.9776,42.8405,2340.53,4791.46,-51.1595,55.8306,2.6818,0.0129,44500
2023-09-28 13:17:05.522434,7493872.67,4866501.33,0.0129,2.6802,-47.8271,42.8374,2340.53,4791.46,-51.1626,55.5825,2.6802,0.0129,44500
2023-09-28 13:17:39.054788,7533880.67,4868115.33,0.009,2.162,-46.52,43.0161,2340.53,4791.46,-50.9839,56.4912,2.162,0.009,44500
2023-09-28 13:18:07.978305,7533880.67,4868115.33,0.009,2.162,-46.52,43.0161,2340.53,4791.46,-50.9839,56.4912,2.162,0.009,44500
2023-09-28 13:18:40.914598,7533880.67,4868115.33,0.0092,2.1773,-46.3155,43.002,2340.53,4791.46,-50.998,56.2973,2.1773,0.0092,44500
2023-09-28 13:19:09.914567,7533880.67,4868015.33,0.0089,2.1375,-46.139,43.0159,2340.53,4791.46,-50.9841,56.0753,2.1375,0.0089,44500
2023-09-28 13:19:42.974152,7533868.67,4868228.33,0.0118,2.4328,-45.9118,42.8909,2340.53,4791.46,-51.1091,54.7087,2.4328,0.0118,44500
2023-09-28 13:20:11.776003,7533868.67,4868228.33,0.0117,2.4209,-45.7216,42.891,2340.53,4791.46,-51.109,54.5004,2.4209,0.0117,44500
2023-09-28 13:20:45.262221,7533868.67,4868228.33,0.0117,2.4209,-45.7216,42.891,2340.53,4791.46,-51.109,54.5004,2.4209,0.0117,44500
2023-09-28 13:21:14.511014,7533868.67,4868228.33,0.0117,2.4209,-45.7216,42.891,2340.53,4791.46,-51.109,54.5004,2.4209,0.0117,44500
2023-09-28 13:21:47.276964,7534611.0,4860317.33,0.0138,3.1603,-50.9478,42.6643,2371.7,4664.52,-51.3357,49.6727,3.1603,0.0138,44500
2023-09-28 13:22:16.090752,7534611.0,4860317.33,0.0138,3.1603,-50.9478,42.6643,2371.7,4664.52,-51.3357,49.6727,3.1603,0.0138,44500
2023-09-28 13:22:49.558884,7545797.0,4848460.0,0.0138,3.12,-50.1611,42.664,2371.7,4664.52,-51.336,48.8655,3.12,0.0138,44500
2023-09-28 13:23:17.720482,7512584.0,4858749.0,0.0115,3.2342,-51.66,42.6982,2803.89,4241.1,-51.3018,46.9682,3.2342,0.0115,44500
2023-09-28 13:23:51.246822,7512584.0,4858749.0,0.0115,3.2235,-51.4617,42.6981,2803.89,4241.1,-51.3019,46.7813,3.2235,0.0115,44500
2023-09-28 13:24:20.330124,7512584.0,4858749.0,0.0115,3.212,-51.2498,42.698,2803.89,4241.1,-51.302,46.5815,3.212,0.0115,44500
2023-09-28 13:24:53.139301,7512551.0,4859676.0,0.011,3.1057,-48.4542,42.8131,2803.89,4241.1,-51.1869,48.5801,3.1057,0.011,44500
2023-09-28 13:25:23.072860,7512551.0,4859676.0,0.011,3.1057,-48.4542,42.8131,2803.89,4241.1,-51.1869,48.5801,3.1057,0.011,44500
2023-09-28 13:25:56.419976,7512551.0,4859676.0,0.011,3.0807,-48.043,42.8131,2803.89,4241.1,-51.1869,48.1944,3.0807,0.011,44500
2023-09-28 13:26:24.319951,7512551.0,4859676.0,0.011,3.0807,-48.043,42.8131,2803.89,4241.1,-51.1869,48.1944,3.0807,0.011,44500
2023-09-28 13:26:56.774281,7528776.0,4858768.0,0.0117,3.1409,-51.7968,42.6018,2803.89,4241.1,-51.3982,43.2452,3.1409,0.0117,44500
2023-09-28 13:27:26.761101,7528776.0,4858768.0,0.0117,3.1309,-51.5927,42.6016,2803.89,4241.1,-51.3984,43.0509,3.1309,0.0117,44500
2023-09-28 13:27:59.145243,7528776.0,4858768.0,0.0117,3.1309,-51.5927,42.6016,2803.89,4241.1,-51.3984,43.0509,3.1309,0.0117,44500
2023-09-28 13:28:30.328053,7528776.0,4858768.0,0.0117,3.1309,-51.5927,42.6016,2803.89,4241.1,-51.3984,43.0509,3.1309,0.0117,44500
2023-09-28 13:29:01.474277,7507099.0,4862101.0,0.0118,3.111,-51.1843,42.6013,2803.89,4241.1,-51.3987,42.6624,3.111,0.0118,44500
2023-09-28 13:29:30.351146,7495421.0,4802666.0,0.0117,3.0297,-51.0293,42.5262,2803.89,4241.1,-51.4738,41.622,3.0297,0.0117,44400
2023-09-28 13:30:04.171173,7495421.0,4802666.0,0.0117,3.0297,-51.0293,42.5262,2803.89,4241.1,-51.4738,41.622,3.0297,0.0117,44400
2023-09-28 13:30:32.526251,7495447.0,4802477.0,0.0117,3.0297,-51.0293,42.5262,2803.89,4241.1,-51.4738,41.622,3.0297,0.0117,44400
2023-09-28 13:31:05.653574,7495388.0,4802453.0,0.0108,2.746,-47.8292,42.3888,2803.89,4241.1,-51.6112,44.0252,2.746,0.0108,44400
2023-09-28 13:31:34.262569,7495388.0,4802453.0,0.0108,2.746,-47.8292,42.3888,2803.89,4241.1,-51.6112,44.0252,2.746,0.0108,44400
2023-09-28 13:32:07.205811,7367188.67,4730053.33,0.0,0.0599,-37.7142,41.9999,548.34,637.08,-52.0001,53.3432,0.0599,0.0,44400
2023-09-28 13:32:36.644566,7367188.67,4730053.33,0.0,0.0599,-37.7142,41.9999,548.34,637.08,-52.0001,53.3432,0.0599,0.0,44400
2023-09-28 13:33:08.910402,7367163.67,4729600.33,0.0077,1.7603,-40.6153,42.1806,3226.2,3673.7,-51.8194,49.2468,1.7603,0.0077,44400
2023-09-28 13:33:38.326990,7367163.67,4729600.33,0.0077,1.5354,-39.7065,42.1484,2994.31,4193.45,-51.8517,50.5541,1.5354,0.0077,44400
2023-09-28 13:34:11.459416,7367163.67,4729600.33,0.0077,1.5354,-39.7065,42.1484,2994.31,4193.45,-51.8517,50.5541,1.5354,0.0077,44400
2023-09-28 13:35:13.844111,7334789.67,4761732.33,0.0087,1.9699,-41.0183,42.2186,3226.2,3673.7,-51.7814,47.6484,1.9699,0.0087,44400
2023-09-28 13:35:40.989548,7334789.67,4761732.33,0.0087,1.9699,-41.0183,42.2186,3226.2,3673.7,-51.7814,47.6484,1.9699,0.0087,44400
2023-09-28 13:36:15.128996,7334789.67,4761732.33,0.0087,1.9699,-41.0183,42.2186,3226.2,3673.7,-51.7814,47.6484,1.9699,0.0087,44400
2023-09-28 13:36:44.464732,7334218.67,4761336.33,0.0129,2.5292,-43.4623,42.3691,2994.31,4193.45,-51.6309,43.6106,2.5292,0.0129,44400
2023-09-28 13:37:16.780477,7334218.67,4761336.33,0.0129,2.5292,-43.4623,42.3691,2994.31,4193.45,-51.6309,43.6106,2.5292,0.0129,44400
2023-09-28 13:37:45.402487,7334218.67,4761336.33,0.0129,2.5292,-43.4623,42.3691,2994.31,4193.45,-51.6309,43.6106,2.5292,0.0129,44400
2023-09-28 13:38:47.387170,7334218.67,4761336.33,0.0129,2.5143,-43.0779,42.3683,2994.31,4193.45,-51.6317,43.198,2.5143,0.0129,44400
2023-09-28 13:39:21.204831,7286672.33,4755171.33,0.0135,2.6403,-43.5168,42.6526,2994.31,4193.45,-51.3474,41.9623,2.6403,0.0135,44400
2023-09-28 13:39:49.400072,7286672.33,4755171.33,0.0135,2.6403,-43.5168,42.6526,2994.31,4193.45,-51.3474,41.9623,2.6403,0.0135,44400
2023-09-28 13:40:23.356162,7286672.33,4755171.33,0.0123,2.7411,-44.8747,42.6405,3226.2,3673.7,-51.3595,40.2058,2.7411,0.0123,44400
2023-09-28 13:40:51.080022,7286671.33,4755914.33,0.0123,2.7221,-44.4733,42.6406,3167.04,3638.4,-51.3594,39.8104,2.7221,0.0123,44400
2023-09-28 13:41:26.484112,7341938.67,4727255.33,0.0127,2.4198,-41.7241,42.3436,2994.31,4193.45,-51.6564,42.958,2.4198,0.0127,44400
2023-09-28 13:42:27.348379,7341938.67,4727255.33,0.0,0.0376,-34.2426,42.0,1023.71,1755.44,-52.0,48.4472,0.0376,0.0,44400
2023-09-28 13:42:55.536484,7341938.67,4727255.33,0.0,0.0376,-34.2426,42.0,1023.71,1755.44,-52.0,48.4472,0.0376,0.0,44400
2023-09-28 13:43:29.205494,7341937.67,4727233.33,0.0127,2.2791,-39.7246,42.3135,2758.85,4161.01,-51.6865,42.5667,2.2791,0.0127,44400
2023-09-28 13:43:58.809512,7341937.67,4727233.33,0.0127,2.2791,-39.7246,42.3135,2758.85,4161.01,-51.6865,42.5667,2.2791,0.0127,44400
2023-09-28 13:44:31.181623,7341937.67,4727233.33,0.0128,2.256,-39.1549,42.312,2758.83,4161.01,-51.688,41.9411,2.256,0.0128,44400
2023-09-28 13:44:59.354547,7341937.67,4727233.33,0.0128,2.256,-39.1549,42.312,2758.83,4161.01,-51.688,41.9411,2.256,0.0128,44400
2023-09-28 13:45:33.080892,7364464.0,4757331.33,0.0143,2.5633,-41.7615,42.6079,2758.83,4161.01,-51.3921,38.936,2.5633,0.0143,44400
2023-09-28 13:46:01.895575,7364464.0,4757331.33,0.0143,2.5633,-41.7615,42.6079,2758.83,4161.01,-51.3921,38.936,2.5633,0.0143,44400
2023-09-28 13:46:34.650241,7364464.0,4757331.33,0.0143,2.5633,-41.7615,42.6079,2758.83,4161.01,-51.3921,38.936,2.5633,0.0143,44400
2023-09-28 13:47:37.513509,7376725.0,4774700.33,0.0147,2.574,-41.7289,42.5012,2758.85,4161.01,-51.4988,37.3747,2.574,0.0147,44400
2023-09-28 13:48:39.089707,7376725.0,4774700.33,0.0148,2.5503,-41.1442,42.5007,2758.83,4161.01,-51.4993,36.7641,2.5503,0.0148,44400
2023-09-28 13:49:41.119916,7376725.0,4774700.33,0.0148,2.5503,-41.1442,42.5007,2758.83,4161.01,-51.4993,36.7641,2.5503,0.0148,44400
2023-09-28 13:50:43.471187,7422760.0,4781245.33,0.0104,1.7241,-34.6839,42.203,2758.83,4161.01,-51.797,41.6306,1.7241,0.0104,44400
2023-09-28 13:51:44.985705,7422760.0,4781245.33,0.0104,1.7084,-34.3139,42.2017,2758.83,4161.01,-51.7983,41.2036,1.7084,0.0105,44400
2023-09-28 13:53:48.577522,7378344.0,4816690.33,0.0151,2.3926,-37.9275,42.4211,2817.08,4129.52,-51.5789,35.5977,2.3926,0.0151,44400
2023-09-28 13:54:50.468741,7378344.0,4816690.33,0.0151,2.3926,-37.9275,42.4211,2817.08,4129.52,-51.5789,35.5977,2.3926,0.0151,44400
2023-09-28 13:55:53.408441,7378128.0,4816628.33,0.0045,0.6863,-30.5882,42.0576,2817.08,4129.62,-51.9424,41.7417,0.6863,0.0045,44400
2023-09-28 13:56:53.975560,7378128.0,4816628.33,0.0044,0.68,-30.4151,42.0571,2817.08,4129.62,-51.9429,41.5162,0.68,0.0044,44400
2023-09-28 13:57:56.720850,7342464.0,4885013.33,0.0016,0.2601,-29.6085,42.0165,2817.08,4129.52,-51.9835,41.526,0.2601,0.0016,44400
2023-09-28 13:58:58.642112,7301244.0,4879073.33,0.0016,0.2529,-29.2727,42.016,2817.08,4129.52,-51.984,41.0648,0.2529,0.0016,44400
2023-09-28 14:00:00.827436,7294308.0,4843067.33,0.0008,0.1415,-28.6952,42.0076,2817.08,4129.62,-51.9924,40.4469,0.1415,0.0008,44400
2023-09-28 14:01:03.014190,7202925.67,4823421.33,0.0011,0.1782,-28.3902,42.0103,2817.08,4129.62,-51.9897,39.955,0.1782,0.0011,44400
2023-09-28 14:02:05.301659,7202925.67,4823421.33,0.0032,0.4784,-28.8399,42.0371,2817.08,4129.52,-51.9629,39.9038,0.4784,0.0032,44400
2023-09-28 14:03:08.419714,7293841.0,4841679.33,0.0011,0.1696,-27.8894,42.0098,2817.08,4129.52,-51.9902,39.2604,0.1696,0.0011,44400
2023-09-28 14:04:09.450383,7202399.67,4823087.33,0.0052,0.7637,-28.2573,42.0687,3199.95,3678.95,-51.9313,38.0823,0.7637,0.0052,44400
2023-09-28 14:05:11.404331,7185929.67,4787170.33,0.0086,1.1475,-28.7526,42.1233,2966.43,3987.41,-51.8767,37.2019,1.1475,0.0086,44400
2023-09-28 14:06:13.074562,7155709.67,4789827.67,0.0037,0.5389,-27.1127,42.0427,3199.95,3679.95,-51.9573,37.2744,0.5389,0.0037,44400
2023-09-28 14:07:14.908957,7155709.67,4789827.67,0.0029,0.3985,-26.9379,42.0304,2966.43,3987.41,-51.9696,37.4492,0.3985,0.0029,44400
2023-09-28 14:08:16.902547,7155700.67,4789843.67,0.0023,0.2988,-26.1005,41.9987,3199.95,3679.95,-52.0013,36.6663,0.2988,0.0023,44400
2023-09-28 14:09:19.135599,7094916.67,4754294.67,0.0052,0.4959,-25.5751,41.9664,3199.95,3679.95,-52.0336,35.5978,0.4959,0.0052,44400
2023-09-28 14:10:20.791626,7094916.67,4754294.67,0.0052,0.5021,-25.7444,41.9661,3199.95,3678.95,-52.0339,35.827,0.5021,0.0052,44400
2023-09-28 14:11:23.647806,7044525.67,4759475.67,0.0051,0.4896,-25.4058,41.9668,3199.95,3678.95,-52.0332,35.3687,0.4896,0.0051,44400
2023-09-28 14:12:24.906147,7020228.67,4776985.67,0.0055,0.5474,-24.9994,41.9573,3128.21,3558.69,-52.0427,34.5796,0.5474,0.0055,44400
2023-09-28 14:13:27.202514,7020198.67,4776874.67,0.0058,0.5614,-24.5233,41.9541,3128.21,3558.69,-52.0459,33.8603,0.5614,0.0058,44400
2023-09-28 14:14:29.436865,7020198.67,4776874.67,0.0057,0.5478,-24.1765,41.955,3128.21,3558.69,-52.045,33.397,0.5478,0.0057,44400
2023-09-28 14:15:31.197194,6992683.0,4853570.33,0.0027,0.3516,-23.7388,42.0246,3128.21,3558.69,-51.9754,33.0511,0.3516,0.0027,44400
2023-09-28 14:17:35.187577,6977189.67,4851571.33,0.0018,0.2241,-23.0967,41.9984,3128.21,3558.69,-52.0016,32.4977,0.2241,0.0018,44400
2023-09-28 14:18:37.132081,6977189.67,4851571.33,0.0017,0.2063,-22.4391,41.9985,3128.28,3558.69,-52.0015,31.588,0.2063,0.0017,44400
2023-09-28 14:20:42.942573,6977037.67,4851627.33,0.0037,0.4355,-22.1989,42.0374,3128.21,3558.69,-51.9626,30.6062,0.4355,0.0037,44400
2023-09-28 14:22:45.172684,6991670.67,4863939.33,0.0185,1.3579,-22.5015,42.1965,2199.24,4721.78,-51.8035,27.8996,1.3579,0.0185,44400
2023-09-28 14:23:46.382670,6991670.67,4863939.33,0.0189,1.1375,-21.7214,42.1548,2187.72,4796.02,-51.8452,28.2813,1.1375,0.0189,44400
2023-09-28 14:24:46.404671,6991670.67,4863939.33,0.0189,1.1375,-21.7214,42.1548,2187.72,4796.02,-51.8452,28.2813,1.1375,0.0189,44400
2023-09-28 14:25:47.075522,6991670.67,4862873.33,0.0026,0.2052,-20.761,42.0126,2187.71,4796.02,-51.9874,29.2417,0.2052,0.0026,44400
2023-09-28 14:26:12.763444,6991684.67,4862724.33,0.0024,0.1907,-20.1004,42.0115,2187.71,4796.02,-51.9885,28.3216,0.1907,0.0024,44400
2023-09-28 14:26:48.367598,6991684.67,4862724.33,0.0024,0.1907,-20.1004,42.0115,2187.71,4796.02,-51.9885,28.3216,0.1907,0.0024,44400
2023-09-28 14:27:49.078667,6990754.67,4842128.33,0.0089,0.6212,-19.976,42.0669,2199.24,4721.78,-51.9331,27.2374,0.6212,0.0089,44400
2023-09-28 14:28:51.164503,7019675.67,4820507.33,0.0028,0.2043,-19.2817,42.0131,2187.72,4796.02,-51.9869,27.1481,0.2043,0.0028,44400
2023-09-28 14:29:53.589017,7016760.67,4820564.33,0.0046,0.3263,-18.7194,42.0282,2199.24,4721.78,-51.9718,26.1165,0.3263,0.0046,44400
2023-09-28 14:30:55.141072,7019675.67,4820507.33,0.0026,0.1888,-18.6152,42.0119,2187.72,4796.02,-51.9881,26.2207,0.1888,0.0026,44400
2023-09-28 14:32:58.851592,7016747.67,4819966.33,0.007,0.4003,-18.0841,42.0378,2187.72,4796.02,-51.9622,25.1579,0.4003,0.007,44400
2023-09-28 14:34:01.131878,7029027.67,4808138.33,0.0,0.0092,-17.5709,42.0001,2267.56,4267.57,-51.9999,24.861,0.0092,0.0,44400
2023-09-28 14:35:03.136839,6987763.67,4827434.33,0.0008,0.0767,-16.9275,42.0032,2267.56,4267.57,-51.9968,23.9237,0.0767,0.0008,44400
2023-09-28 14:36:05.145269,6987763.67,4827434.33,0.001,0.0883,-16.7614,42.0042,2260.51,4257.37,-51.9958,23.6781,0.0883,0.001,44400
2023-09-28 14:37:07.163775,6986970.67,4825636.33,0.0066,0.376,-16.5937,42.0368,2260.51,4257.37,-51.9632,23.0489,0.376,0.0066,44400
2023-09-28 14:38:08.977833,6986970.67,4825636.33,0.0066,0.3694,-16.4241,42.0362,2260.51,4257.37,-51.9638,22.82,0.3694,0.0066,44400
2023-09-28 14:39:11.150705,6986970.67,4825636.33,0.0059,0.3209,-16.0528,42.0297,2267.56,4267.57,-51.9703,22.3944,0.3209,0.0059,44400
2023-09-28 14:40:13.090065,6963697.67,4796103.33,0.0178,0.8534,-16.2809,42.1225,2267.56,4267.57,-51.8775,21.3694,0.8534,0.0178,44400
2023-09-28 14:41:14.565515,6963697.67,4796103.33,0.0179,0.8699,-15.8406,42.1279,2260.51,4257.37,-51.8721,20.6143,0.8699,0.0179,44400
2023-09-28 14:42:16.017732,6980499.67,4749696.33,0.004,0.2182,-14.6772,42.0178,2267.56,4267.57,-51.9822,20.5956,0.2182,0.004,44400
2023-09-28 14:43:16.143633,6980473.67,4749442.33,0.0324,1.5614,-17.1852,42.6545,2258.06,4100.26,-51.3455,17.6758,1.5614,0.0324,44400
2023-09-28 14:44:21.945853,6980473.67,4749442.33,0.0327,1.543,-16.8068,42.6557,2258.06,4100.26,-51.3443,17.2573,1.543,0.0327,44400
2023-09-28 14:45:18.865612,6965435.67,4733828.33,0.0274,1.2221,-15.0694,42.2292,2258.06,4100.26,-51.7708,17.7993,1.2221,0.0274,44400
2023-09-28 14:46:20.905144,6965435.67,4733828.33,0.0274,1.2112,-14.8854,42.2278,2258.06,4100.26,-51.7722,17.5848,1.2112,0.0274,44400
2023-09-28 14:47:22.856551,6978710.67,4754405.33,0.0259,1.0852,-13.967,42.1982,2258.06,4100.26,-51.8018,16.9094,1.0852,0.0259,44400
2023-09-28 14:48:24.900276,6978710.67,4754405.33,0.0259,1.0625,-13.6012,42.1953,2258.06,4100.26,-51.8047,16.4782,1.0625,0.0259,44400
2023-09-28 14:49:26.866091,6978730.67,4753191.33,0.0034,0.1738,-12.3441,42.0143,2258.06,4100.26,-51.9857,17.3369,0.1738,0.0034,44400
2023-09-28 14:50:29.378702,6978730.67,4753191.33,0.0033,0.164,-12.0096,42.0134,2258.06,4100.26,-51.9866,16.8745,0.164,0.0033,44400
2023-09-28 14:51:30.930994,7011453.67,4780373.33,0.0306,1.1952,-13.3987,42.7523,2258.06,4100.26,-51.2477,14.6884,1.1952,0.0306,44400
2023-09-28 14:52:32.986259,7003903.67,4765124.33,0.0308,1.1735,-13.0219,42.7548,2256.12,4151.25,-51.2452,14.2683,1.1735,0.0308,44400
2023-09-28 14:53:34.829856,7003903.67,4765124.33,0.0308,1.1735,-13.0219,42.7548,2256.12,4151.25,-51.2452,14.2683,1.1735,0.0308,44400
2023-09-28 14:55:39.002853,7017076.67,4735440.33,0.0643,0.9231,-10.8914,42.2219,2090.0,4632.27,-51.7781,14.0079,0.9231,0.0643,44400
2023-09-28 14:56:41.462406,7017076.67,4735440.33,0.0646,0.9008,-10.5407,42.2182,2090.0,4632.27,-51.7818,13.5618,0.9008,0.0646,44400
2023-09-28 14:57:43.095080,6971690.67,4688356.33,0.0073,0.2295,-9.8781,42.0228,2102.0,4482.41,-51.9772,13.8259,0.2295,0.0074,44400
2023-09-28 14:58:44.773191,6971690.67,4688405.33,0.0004,0.0507,-9.3211,42.0004,2090.0,4632.27,-51.9996,13.1875,0.0507,0.0004,44400
2023-09-28 14:59:46.933713,6778224.33,4632185.67,0.0,0.0,-8.9906,42.0,2090.0,4632.27,-52.0,12.7211,0.0,-0.0,44400
2023-09-28 15:00:48.846851,6778224.33,4632185.67,0.0,0.0,-8.6606,42.0,2090.0,4632.27,-52.0,12.2541,0.0,0.0,44400
2023-09-28 15:01:51.246951,6776965.33,4632028.67,-0.0,0.0004,-8.3306,42.0,2090.0,4632.27,-52.0,11.7872,0.0004,0.0,44400
2023-09-28 15:02:52.890187,6637382.33,4580805.33,0.0,0.0,-8.0006,42.0,2202.24,4112.34,-52.0,11.3203,0.0,-0.0,44400
2023-09-28 15:03:56.172835,6637382.33,4580805.33,-0.0,0.0,-7.3406,42.0,2202.24,4112.34,-52.0,10.3864,0.0,-0.0,44400
2023-09-28 15:04:57.714580,6458018.33,4525483.33,0.0,0.0,-7.0051,42.0,2202.24,4112.34,-52.0,9.9117,0.0,0.0,44400
2023-09-28 15:05:58.853157,6458018.33,4525483.33,-0.0,0.0,-6.8566,42.0,2202.24,4112.34,-52.0,9.7016,0.0,0.0,44400
2023-09-28 15:09:05.339647,6297499.33,4427217.33,0.0,0.0,-5.8501,42.0,2202.24,4112.34,-52.0,8.2775,0.0,-0.0,44400
2023-09-28 15:10:06.907457,6189362.33,4390944.33,-0.0,0.0,-5.6576,42.0,2202.24,4112.34,-52.0,8.0051,0.0,0.0,44400
2023-09-28 15:11:08.938057,6189362.33,4390944.33,0.0,0.0,-5.3001,42.0,2202.24,4112.34,-52.0,7.4992,0.0,0.0,44400
2023-09-28 15:12:10.877564,5833948.33,4295157.33,-0.0,0.0647,-4.6931,41.0,2202.24,4112.34,-53.0,6.9374,0.0647,0.0,44400
2023-09-28 15:14:15.097329,5830657.33,4294063.33,0.1226,0.6218,-4.1742,41.2368,3844.19,2654.83,-52.7632,5.4374,0.6218,0.1226,44400
2023-09-28 15:15:16.896069,5560231.33,4192920.33,0.0,0.0,-3.5568,41.0,3844.19,2654.83,-53.0,5.2578,0.0,-0.0,44400
2023-09-28 15:16:18.884825,5560231.33,4192920.33,-0.0,0.0,-3.396,41.0,3844.19,2654.83,-53.0,5.0201,0.0,0.0,44400
2023-09-28 15:17:21.551603,5334240.33,4071826.33,-0.0,0.0,-3.0745,41.0,3844.19,2654.83,-53.0,4.5448,0.0,0.0,44400
2023-09-28 15:18:23.629716,5334240.33,4071826.33,0.0,0.0,-2.5867,41.0,3844.19,2654.83,-53.0,3.8238,0.0,-0.0,44400
2023-09-28 15:19:25.239762,5327175.33,4071089.33,0.0519,0.2572,-2.3697,41.9457,3844.19,2654.83,-52.0543,3.2439,0.2572,0.0519,44400
2023-09-28 15:20:27.063172,5327175.33,4071089.33,0.0519,0.2572,-2.3697,41.9457,3844.19,2654.83,-52.0543,3.2439,0.2572,0.0519,44400
2023-09-28 15:21:29.279777,5327175.33,4071161.33,0.0487,0.2327,-2.0309,41.9525,3844.19,2654.83,-52.0475,2.7857,0.2327,0.0487,44400
2023-09-28 15:22:32.917404,4922765.33,3866838.33,-0.0,0.0,-1.4995,42.0,1499.52,2301.37,-52.0,2.1217,0.0,0.0,44400
2023-09-28 15:23:35.355063,4615114.33,3657038.33,0.0,0.0,-1.0045,42.0,2667.89,3748.12,-52.0,1.4213,0.0,-0.0,44400
